== final gates 2026-09-16T11:19:22.335Z head=4263fd8d58b375a1bc42e1631f4fbf4d1552ab54 ==

== pnpm typecheck exit=0 duration=3s ==

> welcome-p0@0.1.0 typecheck /Users/nikiti4/.openclaw-autoclaw/workspace/welcome
> tsc --noEmit



== pnpm lint exit=0 duration=11s ==

> welcome-p0@0.1.0 lint /Users/nikiti4/.openclaw-autoclaw/workspace/welcome
> eslint .



== pnpm test:unit exit=0 duration=2s ==

> welcome-p0@0.1.0 test:unit /Users/nikiti4/.openclaw-autoclaw/workspace/welcome
> node --import tsx --test "tests/unit/**/*.test.ts"

TAP version 13
# Subtest: campaign edit: draft stays draft, revision increments, approval cleared
ok 1 - campaign edit: draft stays draft, revision increments, approval cleared
  ---
  duration_ms: 0.531458
  type: 'test'
  ...
# Subtest: campaign edit: approved drops to draft with approval reset (AC-40)
ok 2 - campaign edit: approved drops to draft with approval reset (AC-40)
  ---
  duration_ms: 0.117625
  type: 'test'
  ...
# Subtest: campaign edit: running/completed/cancelled are immutable
ok 3 - campaign edit: running/completed/cancelled are immutable
  ---
  duration_ms: 0.070875
  type: 'test'
  ...
# Subtest: canSend: requires approved with matching current revision
ok 4 - canSend: requires approved with matching current revision
  ---
  duration_ms: 0.068083
  type: 'test'
  ...
# Subtest: validateCampaignCreate: purpose registry is closed to the two spec values
ok 5 - validateCampaignCreate: purpose registry is closed to the two spec values
  ---
  duration_ms: 0.13525
  type: 'test'
  ...
# Subtest: validateCampaignCreate: valid input
ok 6 - validateCampaignCreate: valid input
  ---
  duration_ms: 0.151042
  type: 'test'
  ...
# Subtest: validateCampaignCreate: rejects junk
ok 7 - validateCampaignCreate: rejects junk
  ---
  duration_ms: 0.621375
  type: 'test'
  ...
# Subtest: validateCampaignEdit: partial edits allowed, empty edit rejected
ok 8 - validateCampaignEdit: partial edits allowed, empty edit rejected
  ---
  duration_ms: 0.347167
  type: 'test'
  ...
# Subtest: /start: link_ token extracted with full deep-link
ok 9 - /start: link_ token extracted with full deep-link
  ---
  duration_ms: 0.856333
  type: 'test'
  ...
# Subtest: /start: without token or with junk payload → null
ok 10 - /start: without token or with junk payload → null
  ---
  duration_ms: 0.619084
  type: 'test'
  ...
# Subtest: startsWithCommand: case-insensitive prefix match
ok 11 - startsWithCommand: case-insensitive prefix match
  ---
  duration_ms: 0.5215
  type: 'test'
  ...
# Subtest: audience filter: an empty object constrains nothing
ok 12 - audience filter: an empty object constrains nothing
  ---
  duration_ms: 2.844542
  type: 'test'
  ...
# Subtest: audience filter: absent axes default to "no constraint"
ok 13 - audience filter: absent axes default to "no constraint"
  ---
  duration_ms: 0.261542
  type: 'test'
  ...
# Subtest: audience filter: catalogue ids only, deduped
ok 14 - audience filter: catalogue ids only, deduped
  ---
  duration_ms: 0.283041
  type: 'test'
  ...
# Subtest: audience filter: unknown ids are rejected, never silently ignored
ok 15 - audience filter: unknown ids are rejected, never silently ignored
  ---
  duration_ms: 0.241
  type: 'test'
  ...
# Subtest: audience filter: wrong shapes are rejected
ok 16 - audience filter: wrong shapes are rejected
  ---
  duration_ms: 0.155459
  type: 'test'
  ...
# Subtest: audience filter: prefer-not-to-say and blank facets mean "no constraint"
ok 17 - audience filter: prefer-not-to-say and blank facets mean "no constraint"
  ---
  duration_ms: 0.079417
  type: 'test'
  ...
# Subtest: audience filter: unknown keys are preserved (additive registry)
ok 18 - audience filter: unknown keys are preserved (additive registry)
  ---
  duration_ms: 0.344167
  type: 'test'
  ...
# Subtest: audience filter: normalizeAudienceFilter degrades a broken stored row to "everyone"
ok 19 - audience filter: normalizeAudienceFilter degrades a broken stored row to "everyone"
  ---
  duration_ms: 1.45875
  type: 'test'
  ...
# Subtest: campaign create: accepts an optional segment and defaults to none
ok 20 - campaign create: accepts an optional segment and defaults to none
  ---
  duration_ms: 0.891792
  type: 'test'
  ...
# Subtest: campaign edit: the segment is validated, existing permissive shapes still pass
ok 21 - campaign edit: the segment is validated, existing permissive shapes still pass
  ---
  duration_ms: 0.483959
  type: 'test'
  ...
# Subtest: client boundary: server modules import only components from use-client modules
ok 22 - client boundary: server modules import only components from use-client modules
  ---
  duration_ms: 26.5865
  type: 'test'
  ...
# Subtest: client boundary: the guard recognises the shape it exists for
ok 23 - client boundary: the guard recognises the shape it exists for
  ---
  duration_ms: 0.162084
  type: 'test'
  ...
# Subtest: connections copy: the connect control names the provider in every language
ok 24 - connections copy: the connect control names the provider in every language
  ---
  duration_ms: 1.260541
  type: 'test'
  ...
# Subtest: connections copy: the two Google cards cannot read the same on one page
ok 25 - connections copy: the two Google cards cannot read the same on one page
  ---
  duration_ms: 0.132625
  type: 'test'
  ...
# Subtest: connections copy: no unnamed connect/reconnect key exists in any dictionary
ok 26 - connections copy: no unnamed connect/reconnect key exists in any dictionary
  ---
  duration_ms: 0.0785
  type: 'test'
  ...
# Subtest: connections copy: the "not configured on this instance" branch is honest in every language
ok 27 - connections copy: the "not configured on this instance" branch is honest in every language
  ---
  duration_ms: 1.233291
  type: 'test'
  ...
# Subtest: connections copy: the honest reads/writes statement differs per provider in every language
ok 28 - connections copy: the honest reads/writes statement differs per provider in every language
  ---
  duration_ms: 0.290834
  type: 'test'
  ...
# Subtest: consent purposes: exactly the seven registered purposes
ok 29 - consent purposes: exactly the seven registered purposes
  ---
  duration_ms: 1.107292
  type: 'test'
  ...
# Subtest: consent purposes: the /me/privacy toggles are a strict subset of the registry
ok 30 - consent purposes: the /me/privacy toggles are a strict subset of the registry
  ---
  duration_ms: 0.151958
  type: 'test'
  ...
# Subtest: consent purposes: membership helpers reject unknown values
ok 31 - consent purposes: membership helpers reject unknown values
  ---
  duration_ms: 0.533083
  type: 'test'
  ...
# Subtest: validateConsentInput: valid global grant (default scope)
ok 32 - validateConsentInput: valid global grant (default scope)
  ---
  duration_ms: 1.186459
  type: 'test'
  ...
# Subtest: validateConsentInput: valid event-scoped grant with field set
ok 33 - validateConsentInput: valid event-scoped grant with field set
  ---
  duration_ms: 0.370625
  type: 'test'
  ...
# Subtest: validateConsentInput: withdraw is a valid action
ok 34 - validateConsentInput: withdraw is a valid action
  ---
  duration_ms: 0.234334
  type: 'test'
  ...
# Subtest: validateConsentInput: invalid bodies fail closed with specific codes
ok 35 - validateConsentInput: invalid bodies fail closed with specific codes
  ---
  duration_ms: 0.687208
  type: 'test'
  ...
# Subtest: validateConsentInput: non-object bodies rejected
ok 36 - validateConsentInput: non-object bodies rejected
  ---
  duration_ms: 0.156375
  type: 'test'
  ...
# Subtest: vcard: several cards, FN as the name, CRLF line endings
ok 37 - vcard: several cards, FN as the name, CRLF line endings
  ---
  duration_ms: 2.269208
  type: 'test'
  ...
# Subtest: vcard: a card without FN falls back to N (given name first), and folded lines are unfolded
ok 38 - vcard: a card without FN falls back to N (given name first), and folded lines are unfolded
  ---
  duration_ms: 0.334166
  type: 'test'
  ...
# Subtest: vcard: base64 / quoted-printable payloads and binary properties are ignored, not decoded
ok 39 - vcard: base64 / quoted-printable payloads and binary properties are ignored, not decoded
  ---
  duration_ms: 0.251375
  type: 'test'
  ...
# Subtest: vcard: a card with no EMAIL counts as skipped, unknown and garbage lines are dropped
ok 40 - vcard: a card with no EMAIL counts as skipped, unknown and garbage lines are dropped
  ---
  duration_ms: 0.358417
  type: 'test'
  ...
# Subtest: vcard: invalid addresses are skipped, duplicates collapse, normalization is trim+lowercase
ok 41 - vcard: invalid addresses are skipped, duplicates collapse, normalization is trim+lowercase
  ---
  duration_ms: 0.153375
  type: 'test'
  ...
# Subtest: vcard: a truncated export without END:VCARD still yields its card
ok 42 - vcard: a truncated export without END:VCARD still yields its card
  ---
  duration_ms: 0.096
  type: 'test'
  ...
# Subtest: csv: auto-detects the email column in EN and RU spellings
ok 43 - csv: auto-detects the email column in EN and RU spellings
  ---
  duration_ms: 1.305916
  type: 'test'
  ...
# Subtest: csv: name column priority is exact → full → given, and family/last columns are never a name
ok 44 - csv: name column priority is exact → full → given, and family/last columns are never a name
  ---
  duration_ms: 0.385125
  type: 'test'
  ...
# Subtest: csv: quoted fields with commas survive the existing CSV parser
ok 45 - csv: quoted fields with commas survive the existing CSV parser
  ---
  duration_ms: 1.986084
  type: 'test'
  ...
# Subtest: csv: no usable header → positional fallback (first address, name on its left)
ok 46 - csv: no usable header → positional fallback (first address, name on its left)
  ---
  duration_ms: 0.42975
  type: 'test'
  ...
# Subtest: csv: a headerless file whose first row is data does not lose that row
ok 47 - csv: a headerless file whose first row is data does not lose that row
  ---
  duration_ms: 0.15725
  type: 'test'
  ...
# Subtest: csv: an unterminated quote is refused instead of importing half a file
ok 48 - csv: an unterminated quote is refused instead of importing half a file
  ---
  duration_ms: 0.062417
  type: 'test'
  ...
# Subtest: csv: rows without any address are counted as skipped
ok 49 - csv: rows without any address are counted as skipped
  ---
  duration_ms: 0.147834
  type: 'test'
  ...
# Subtest: csv: a BOM and CRLF from a spreadsheet export are tolerated
ok 50 - csv: a BOM and CRLF from a spreadsheet export are tolerated
  ---
  duration_ms: 0.061625
  type: 'test'
  ...
# Subtest: format: the BEGIN:VCARD marker decides, the .vcf extension is the fallback hint
ok 51 - format: the BEGIN:VCARD marker decides, the .vcf extension is the fallback hint
  ---
  duration_ms: 0.04375
  type: 'test'
  ...
# Subtest: format: a .vcf that actually holds CSV answers no_contacts instead of guessing
ok 52 - format: a .vcf that actually holds CSV answers no_contacts instead of guessing
  ---
  duration_ms: 0.043791
  type: 'test'
  ...
# Subtest: limits: more than the contact ceiling is reported as truncated, never silently cut
ok 53 - limits: more than the contact ceiling is reported as truncated, never silently cut
  ---
  duration_ms: 43.252541
  type: 'test'
  ...
# Subtest: limits: an oversized body is refused before parsing
ok 54 - limits: an oversized body is refused before parsing
  ---
  duration_ms: 0.932667
  type: 'test'
  ...
# Subtest: degenerate input: empty, whitespace and address-less content answer no_contacts
ok 55 - degenerate input: empty, whitespace and address-less content answer no_contacts
  ---
  duration_ms: 0.184084
  type: 'test'
  ...
# Subtest: privacy: the parser returns nothing but email + name pairs
ok 56 - privacy: the parser returns nothing but email + name pairs
  ---
  duration_ms: 0.089
  type: 'test'
  ...
# Subtest: aes-256-gcm: round-trips unicode, punctuation, and long values
ok 57 - aes-256-gcm: round-trips unicode, punctuation, and long values
  ---
  duration_ms: 1.38375
  type: 'test'
  ...
# Subtest: aes-256-gcm: random IV — two encryptions of the same value differ
ok 58 - aes-256-gcm: random IV — two encryptions of the same value differ
  ---
  duration_ms: 0.147458
  type: 'test'
  ...
# Subtest: aes-256-gcm: ciphertext does not contain the plaintext
ok 59 - aes-256-gcm: ciphertext does not contain the plaintext
  ---
  duration_ms: 0.161833
  type: 'test'
  ...
# Subtest: aes-256-gcm: tampered ciphertext fails authentication
ok 60 - aes-256-gcm: tampered ciphertext fails authentication
  ---
  duration_ms: 0.217583
  type: 'test'
  ...
# Subtest: aes-256-gcm: tampered auth tag fails authentication
ok 61 - aes-256-gcm: tampered auth tag fails authentication
  ---
  duration_ms: 0.111958
  type: 'test'
  ...
# Subtest: aes-256-gcm: wrong key fails authentication
ok 62 - aes-256-gcm: wrong key fails authentication
  ---
  duration_ms: 0.082958
  type: 'test'
  ...
# Subtest: aes-256-gcm: malformed payloads are rejected
ok 63 - aes-256-gcm: malformed payloads are rejected
  ---
  duration_ms: 0.073375
  type: 'test'
  ...
# Subtest: aes-256-gcm: key must decode to exactly 32 bytes
ok 64 - aes-256-gcm: key must decode to exactly 32 bytes
  ---
  duration_ms: 0.068
  type: 'test'
  ...
# Subtest: aes-256-gcm: format is v1.<iv>.<ct>.<tag>
ok 65 - aes-256-gcm: format is v1.<iv>.<ct>.<tag>
  ---
  duration_ms: 0.279167
  type: 'test'
  ...
# Subtest: neutralizeCsvCell: formula prefixes get a leading apostrophe
ok 66 - neutralizeCsvCell: formula prefixes get a leading apostrophe
  ---
  duration_ms: 0.61875
  type: 'test'
  ...
# Subtest: neutralizeCsvCell: plain values are unchanged
ok 67 - neutralizeCsvCell: plain values are unchanged
  ---
  duration_ms: 0.125709
  type: 'test'
  ...
# Subtest: neutralizeCsvCell: only the FIRST character counts (spec security test 13)
ok 68 - neutralizeCsvCell: only the FIRST character counts (spec security test 13)
  ---
  duration_ms: 0.05625
  type: 'test'
  ...
# Subtest: normalizeApprovalStatus: approved/confirmed (case-insensitive, trimmed) → approved
ok 69 - normalizeApprovalStatus: approved/confirmed (case-insensitive, trimmed) → approved
  ---
  duration_ms: 0.074042
  type: 'test'
  ...
# Subtest: normalizeApprovalStatus: unknown/empty/missing → unknown
ok 70 - normalizeApprovalStatus: unknown/empty/missing → unknown
  ---
  duration_ms: 0.134666
  type: 'test'
  ...
# Subtest: normalizeApprovalStatus: any other value → quarantined (fail closed)
ok 71 - normalizeApprovalStatus: any other value → quarantined (fail closed)
  ---
  duration_ms: 0.0485
  type: 'test'
  ...
# Subtest: parseCsv: simple header + rows, LF endings
ok 72 - parseCsv: simple header + rows, LF endings
  ---
  duration_ms: 0.55275
  type: 'test'
  ...
# Subtest: parseCsv: CRLF endings, trailing newline produces no empty row
ok 73 - parseCsv: CRLF endings, trailing newline produces no empty row
  ---
  duration_ms: 0.148542
  type: 'test'
  ...
# Subtest: parseCsv: quoted fields keep commas/newlines as data
ok 74 - parseCsv: quoted fields keep commas/newlines as data
  ---
  duration_ms: 0.315625
  type: 'test'
  ...
# Subtest: parseCsv: doubled quotes inside quoted fields
ok 75 - parseCsv: doubled quotes inside quoted fields
  ---
  duration_ms: 0.324292
  type: 'test'
  ...
# Subtest: parseCsv: UTF-8 BOM is stripped
ok 76 - parseCsv: UTF-8 BOM is stripped
  ---
  duration_ms: 0.117542
  type: 'test'
  ...
# Subtest: parseCsv: empty middle lines are skipped
ok 77 - parseCsv: empty middle lines are skipped
  ---
  duration_ms: 0.055083
  type: 'test'
  ...
# Subtest: parseCsv: unquoted fields are trimmed, quoted fields keep spaces
ok 78 - parseCsv: unquoted fields are trimmed, quoted fields keep spaces
  ---
  duration_ms: 0.042709
  type: 'test'
  ...
# Subtest: parseCsv: empty input → no rows, no errors
ok 79 - parseCsv: empty input → no rows, no errors
  ---
  duration_ms: 0.041125
  type: 'test'
  ...
# Subtest: parseCsv: maxRows exceeded → truncated flag (rows still parsed, import rejects)
ok 80 - parseCsv: maxRows exceeded → truncated flag (rows still parsed, import rejects)
  ---
  duration_ms: 0.051417
  type: 'test'
  ...
# Subtest: parseCsv: maxRows not exceeded → not truncated
ok 81 - parseCsv: maxRows not exceeded → not truncated
  ---
  duration_ms: 0.037042
  type: 'test'
  ...
# Subtest: parseCsv: row wider than maxColumns → structural error
ok 82 - parseCsv: row wider than maxColumns → structural error
  ---
  duration_ms: 0.065208
  type: 'test'
  ...
# Subtest: parseCsv: unterminated quote → structural error
ok 83 - parseCsv: unterminated quote → structural error
  ---
  duration_ms: 0.049
  type: 'test'
  ...
# Subtest: parseCsv: quote in the middle of an unquoted field is data (lenient)
ok 84 - parseCsv: quote in the middle of an unquoted field is data (lenient)
  ---
  duration_ms: 0.038042
  type: 'test'
  ...
# Subtest: demo-login-info: route is force-dynamic (the flag is never baked into the build)
ok 85 - demo-login-info: route is force-dynamic (the flag is never baked into the build)
  ---
  duration_ms: 0.50525
  type: 'test'
  ...
# Subtest: demo-login-info: flag unset → disabled, no email disclosed
ok 86 - demo-login-info: flag unset → disabled, no email disclosed
  ---
  duration_ms: 5.032208
  type: 'test'
  ...
# Subtest: demo-login-info: flag="true" → enabled with the seeded demo address
ok 87 - demo-login-info: flag="true" → enabled with the seeded demo address
  ---
  duration_ms: 0.472833
  type: 'test'
  ...
# Subtest: demo-login-info: any value other than exactly "true" → disabled
ok 88 - demo-login-info: any value other than exactly "true" → disabled
  ---
  duration_ms: 0.634083
  type: 'test'
  ...
# Subtest: demo-login-info: response is explicitly uncacheable
ok 89 - demo-login-info: response is explicitly uncacheable
  ---
  duration_ms: 0.51
  type: 'test'
  ...
# Subtest: digest: merging several events keeps one row per person, with the best score
ok 90 - digest: merging several events keeps one row per person, with the best score
  ---
  duration_ms: 0.981209
  type: 'test'
  ...
# Subtest: digest: the merge is order-independent (deterministic tie-break on id)
ok 91 - digest: the merge is order-independent (deterministic tie-break on id)
  ---
  duration_ms: 0.143167
  type: 'test'
  ...
# Subtest: digest: at most three people, even when asked for more
ok 92 - digest: at most three people, even when asked for more
  ---
  duration_ms: 0.168125
  type: 'test'
  ...
# Subtest: digest: people already digested recently are excluded
ok 93 - digest: people already digested recently are excluded
  ---
  duration_ms: 0.14425
  type: 'test'
  ...
# Subtest: digest: a candidate the ranking cannot explain is dropped, not listed bare
ok 94 - digest: a candidate the ranking cannot explain is dropped, not listed bare
  ---
  duration_ms: 0.082375
  type: 'test'
  ...
# Subtest: digest: a growth-only reason is the honest fallback for the one line
ok 95 - digest: a growth-only reason is the honest fallback for the one line
  ---
  duration_ms: 0.126041
  type: 'test'
  ...
# Subtest: digest: an empty candidate pool yields an empty digest (nothing is sent)
ok 96 - digest: an empty candidate pool yields an empty digest (nothing is sent)
  ---
  duration_ms: 0.045583
  type: 'test'
  ...
# Subtest: digest: the ISO week key is stable across the whole week and across DST-free UTC
ok 97 - digest: the ISO week key is stable across the whole week and across DST-free UTC
  ---
  duration_ms: 0.096542
  type: 'test'
  ...
# Subtest: digest: the ISO week key rolls over correctly at a year boundary
ok 98 - digest: the ISO week key rolls over correctly at a year boundary
  ---
  duration_ms: 0.220958
  type: 'test'
  ...
# Subtest: digest: the dedupe key is one per account per week
ok 99 - digest: the dedupe key is one per account per week
  ---
  duration_ms: 0.480625
  type: 'test'
  ...
# Subtest: digest: the repeat window is a window, not "forever"
ok 100 - digest: the repeat window is a window, not "forever"
  ---
  duration_ms: 0.086125
  type: 'test'
  ...
# Subtest: digest copy: names, one reason each, the recipient’s own goal, and a stop link
ok 101 - digest copy: names, one reason each, the recipient’s own goal, and a stop link
  ---
  duration_ms: 0.55575
  type: 'test'
  ...
# Subtest: digest copy: it SAYS the list comes from the recipient’s own goals and profile
ok 102 - digest copy: it SAYS the list comes from the recipient’s own goals and profile
  ---
  duration_ms: 0.115708
  type: 'test'
  ...
# Subtest: digest copy: never a private field — no other goal, no note text, no contact value
ok 103 - digest copy: never a private field — no other goal, no note text, no contact value
  ---
  duration_ms: 0.097583
  type: 'test'
  ...
# Subtest: digest copy: the only number is the recipient’s own list length
ok 104 - digest copy: the only number is the recipient’s own list length
  ---
  duration_ms: 0.191333
  type: 'test'
  ...
# Subtest: digest copy: a candidate with no renderable reason is not printed
ok 105 - digest copy: a candidate with no renderable reason is not printed
  ---
  duration_ms: 0.073458
  type: 'test'
  ...
# Subtest: digest copy: no goal set renders no goal line, and never a placeholder
ok 106 - digest copy: no goal set renders no goal line, and never a placeholder
  ---
  duration_ms: 0.06275
  type: 'test'
  ...
# Subtest: digest copy: an empty list renders the framing alone and never crashes
ok 107 - digest copy: an empty list renders the framing alone and never crashes
  ---
  duration_ms: 0.07
  type: 'test'
  ...
# Subtest: digest copy: every locale renders without placeholders and keeps the disclaimer
ok 108 - digest copy: every locale renders without placeholders and keeps the disclaimer
  ---
  duration_ms: 0.095375
  type: 'test'
  ...
# Subtest: enrichment provider: unset / unknown / vertex-without-credentials are disabled
ok 109 - enrichment provider: unset / unknown / vertex-without-credentials are disabled
  ---
  duration_ms: 2.667333
  type: 'test'
  ...
# Subtest: enrichment provider: mock only outside production (CI tripwire)
ok 110 - enrichment provider: mock only outside production (CI tripwire)
  ---
  duration_ms: 10.544792
  type: 'test'
  ...
# Subtest: disabled provider: honest 503 semantics, never a silent success
ok 111 - disabled provider: honest 503 semantics, never a silent success
  ---
  duration_ms: 1.790667
  type: 'test'
  ...
# Subtest: credentials: GCP_ACCESS_TOKEN wins; SA JSON accepted raw and base64
ok 112 - credentials: GCP_ACCESS_TOKEN wins; SA JSON accepted raw and base64
  ---
  duration_ms: 0.273917
  type: 'test'
  ...
# Subtest: credentials: self-signed JWT is RS256, well-claims-shaped and verifiable
ok 113 - credentials: self-signed JWT is RS256, well-claims-shaped and verifiable
  ---
  duration_ms: 8.258125
  type: 'test'
  ...
# Subtest: vertex transport: thinking-model output budget, grounding tool, empty answer → no_draft
ok 114 - vertex transport: thinking-model output budget, grounding tool, empty answer → no_draft
  ---
  duration_ms: 20.992542
  type: 'test'
  ...
# Subtest: prompt: own-profile-only rules, no third-party enrichment, JSON schema demanded
ok 115 - prompt: own-profile-only rules, no third-party enrichment, JSON schema demanded
  ---
  duration_ms: 0.296834
  type: 'test'
  ...
# Subtest: answer parsing: tolerates fences/prose, sanitizes catalogue ids and links
ok 116 - answer parsing: tolerates fences/prose, sanitizes catalogue ids and links
  ---
  duration_ms: 0.353583
  type: 'test'
  ...
# Subtest: answer parsing: suggestion caps and grounding sources
ok 117 - answer parsing: suggestion caps and grounding sources
  ---
  duration_ms: 0.475666
  type: 'test'
  ...
# Subtest: transport: an empty answer is retried exactly once, then reported as no_draft
ok 118 - transport: an empty answer is retried exactly once, then reported as no_draft
  ---
  duration_ms: 17.38275
  type: 'test'
  ...
# Subtest: transport: the retry recovers a draft when the second answer parses
ok 119 - transport: the retry recovers a draft when the second answer parses
  ---
  duration_ms: 0.904125
  type: 'test'
  ...
# Subtest: transport: a real failure is not retried internally (only the client may re-ask)
ok 120 - transport: a real failure is not retried internally (only the client may re-ask)
  ---
  duration_ms: 0.480292
  type: 'test'
  ...
# Subtest: transport: an unparsable HTTP-200 body is treated as an empty answer and retried once
ok 121 - transport: an unparsable HTTP-200 body is treated as an empty answer and retried once
  ---
  duration_ms: 0.859084
  type: 'test'
  ...
# Subtest: prompt: demands a best-effort draft always and JSON only
ok 122 - prompt: demands a best-effort draft always and JSON only
  ---
  duration_ms: 0.155833
  type: 'test'
  ...
# Subtest: degraded draft: purely own data, deterministic, and it invented nothing
ok 123 - degraded draft: purely own data, deterministic, and it invented nothing
  ---
  duration_ms: 1.857583
  type: 'test'
  ...
# Subtest: conversionPercent: rounds to the nearest integer and clamps to 0..100
ok 124 - conversionPercent: rounds to the nearest integer and clamps to 0..100
  ---
  duration_ms: 0.484417
  type: 'test'
  ...
# Subtest: conversionPercent: a zero previous step has no percentage at all
ok 125 - conversionPercent: a zero previous step has no percentage at all
  ---
  duration_ms: 0.078208
  type: 'test'
  ...
# Subtest: funnelSteps: chains the five steps and shares each against its predecessor
ok 126 - funnelSteps: chains the five steps and shares each against its predecessor
  ---
  duration_ms: 0.461875
  type: 'test'
  ...
# Subtest: funnelSteps: shares survive an empty event
ok 127 - funnelSteps: shares survive an empty event
  ---
  duration_ms: 0.193542
  type: 'test'
  ...
# Subtest: funnelSteps: a step larger than the previous one still reports a bounded share
ok 128 - funnelSteps: a step larger than the previous one still reports a bounded share
  ---
  duration_ms: 0.07275
  type: 'test'
  ...
# Subtest: schedule: one day in the event timezone prints its date exactly once
ok 129 - schedule: one day in the event timezone prints its date exactly once
  ---
  duration_ms: 44.134667
  type: 'test'
  ...
# Subtest: schedule: the compact decision is made in the EVENT timezone, not in UTC
ok 130 - schedule: the compact decision is made in the EVENT timezone, not in UTC
  ---
  duration_ms: 2.295125
  type: 'test'
  ...
# Subtest: schedule: a window straddling UTC midnight is still one day in the event timezone
ok 131 - schedule: a window straddling UTC midnight is still one day in the event timezone
  ---
  duration_ms: 3.022417
  type: 'test'
  ...
# Subtest: schedule: an event spanning two days keeps the full start — end form
ok 132 - schedule: an event spanning two days keeps the full start — end form
  ---
  duration_ms: 1.18625
  type: 'test'
  ...
# Subtest: schedule: an event without an end keeps the single start stamp
ok 133 - schedule: an event without an end keeps the single start stamp
  ---
  duration_ms: 0.179666
  type: 'test'
  ...
# Subtest: schedule: an event without a start renders nothing at all
ok 134 - schedule: an event without a start renders nothing at all
  ---
  duration_ms: 0.060708
  type: 'test'
  ...
# Subtest: schedule: an unusable timezone degrades to the raw stamps and never throws
ok 135 - schedule: an unusable timezone degrades to the raw stamps and never throws
  ---
  duration_ms: 0.596583
  type: 'test'
  ...
# Subtest: schedule: an end before the start is not turned into a range
ok 136 - schedule: an end before the start is not turned into a range
  ---
  duration_ms: 0.198875
  type: 'test'
  ...
# Subtest: isValidTimezone: real IANA zones pass, junk fails
ok 137 - isValidTimezone: real IANA zones pass, junk fails
  ---
  duration_ms: 26.495542
  type: 'test'
  ...
# Subtest: evaluateJoinPolicy: public active event joins without code
ok 138 - evaluateJoinPolicy: public active event joins without code
  ---
  duration_ms: 0.573667
  type: 'test'
  ...
# Subtest: evaluateJoinPolicy: non-active event → event_not_active
ok 139 - evaluateJoinPolicy: non-active event → event_not_active
  ---
  duration_ms: 0.081833
  type: 'test'
  ...
# Subtest: evaluateJoinPolicy: registration mode without/with wrong code → join_forbidden (no code leak)
ok 140 - evaluateJoinPolicy: registration mode without/with wrong code → join_forbidden (no code leak)
  ---
  duration_ms: 0.244584
  type: 'test'
  ...
# Subtest: evaluateJoinPolicy: closed event joins with the exact code
ok 141 - evaluateJoinPolicy: closed event joins with the exact code
  ---
  duration_ms: 0.164625
  type: 'test'
  ...
# Subtest: evaluateJoinPolicy: join code is ignored for public events
ok 142 - evaluateJoinPolicy: join code is ignored for public events
  ---
  duration_ms: 0.0585
  type: 'test'
  ...
# Subtest: evaluateJoinPolicy: capacity reached → event_full
ok 143 - evaluateJoinPolicy: capacity reached → event_full
  ---
  duration_ms: 0.052541
  type: 'test'
  ...
# Subtest: join code bounds: min is 8, max 64 (F-02)
ok 144 - join code bounds: min is 8, max 64 (F-02)
  ---
  duration_ms: 0.074625
  type: 'test'
  ...
# Subtest: evaluateJoinPolicy: constant-time compare keeps the same accept/reject outcomes
ok 145 - evaluateJoinPolicy: constant-time compare keeps the same accept/reject outcomes
  ---
  duration_ms: 0.410666
  type: 'test'
  ...
# Subtest: validateEventInput: valid minimal body
ok 146 - validateEventInput: valid minimal body
  ---
  duration_ms: 2.563084
  type: 'test'
  ...
# Subtest: validateEventInput: dates parsed, end before start rejected
ok 147 - validateEventInput: dates parsed, end before start rejected
  ---
  duration_ms: 0.624542
  type: 'test'
  ...
# Subtest: validateEventInput: invalid bodies fail closed with specific codes
ok 148 - validateEventInput: invalid bodies fail closed with specific codes
  ---
  duration_ms: 0.457
  type: 'test'
  ...
# Subtest: validateEventInput: non-object bodies rejected
ok 149 - validateEventInput: non-object bodies rejected
  ---
  duration_ms: 0.06225
  type: 'test'
  ...
# Subtest: isValidEventSlug: lowercase alnum + dashes, 3..64 chars
ok 150 - isValidEventSlug: lowercase alnum + dashes, 3..64 chars
  ---
  duration_ms: 0.106166
  type: 'test'
  ...
# Subtest: reminder: a step set 8 days ago after a mutual introduction is due
ok 151 - reminder: a step set 8 days ago after a mutual introduction is due
  ---
  duration_ms: 11.396208
  type: 'test'
  ...
# Subtest: reminder: never for an introduction that did not become mutual
ok 152 - reminder: never for an introduction that did not become mutual
  ---
  duration_ms: 0.514833
  type: 'test'
  ...
# Subtest: reminder: done and dropped are terminal, `none` is not a commitment
ok 153 - reminder: done and dropped are terminal, `none` is not a commitment
  ---
  duration_ms: 0.102334
  type: 'test'
  ...
# Subtest: reminder: the delay is respected to the millisecond
ok 154 - reminder: the delay is respected to the millisecond
  ---
  duration_ms: 0.140125
  type: 'test'
  ...
# Subtest: reminder: an empty or missing step is never a reminder
ok 155 - reminder: an empty or missing step is never a reminder
  ---
  duration_ms: 0.072875
  type: 'test'
  ...
# Subtest: reminder: an unparsable timestamp fails closed instead of firing immediately
ok 156 - reminder: an unparsable timestamp fails closed instead of firing immediately
  ---
  duration_ms: 0.122417
  type: 'test'
  ...
# Subtest: reminder: one reminder per note per state transition
ok 157 - reminder: one reminder per note per state transition
  ---
  duration_ms: 0.093334
  type: 'test'
  ...
# Subtest: reminder: dedupe keys are stable, unique per note and per status
ok 158 - reminder: dedupe keys are stable, unique per note and per status
  ---
  duration_ms: 0.121167
  type: 'test'
  ...
# Subtest: reminder: the selection is deterministic and sorted by author
ok 159 - reminder: the selection is deterministic and sorted by author
  ---
  duration_ms: 0.346709
  type: 'test'
  ...
# Subtest: reminder: one note yields one recipient — its own author
ok 160 - reminder: one note yields one recipient — its own author
  ---
  duration_ms: 7.94775
  type: 'test'
  ...
# Subtest: reminder: days come from env, defaulting to 7 and refusing nonsense
ok 161 - reminder: days come from env, defaulting to 7 and refusing nonsense
  ---
  duration_ms: 0.210167
  type: 'test'
  ...
# Subtest: reminder: status allow-list is exactly proposed|confirmed
ok 162 - reminder: status allow-list is exactly proposed|confirmed
  ---
  duration_ms: 0.08175
  type: 'test'
  ...
# Subtest: flags: only the exact string "true" turns a mechanic on
ok 163 - flags: only the exact string "true" turns a mechanic on
  ---
  duration_ms: 2.368334
  type: 'test'
  ...
# Subtest: flags: the two mechanics are independent switches
ok 164 - flags: the two mechanics are independent switches
  ---
  duration_ms: 0.089
  type: 'test'
  ...
# Subtest: flags: the value is read per call, never captured at module load
ok 165 - flags: the value is read per call, never captured at module load
  ---
  duration_ms: 0.064458
  type: 'test'
  ...
# Subtest: opt-in: absent, out-of-order and re-opt-in are all read correctly
ok 166 - opt-in: absent, out-of-order and re-opt-in are all read correctly
  ---
  duration_ms: 0.072084
  type: 'test'
  ...
# Subtest: reminder copy: carries the author’s own step and a stop link, nothing else
ok 167 - reminder copy: carries the author’s own step and a stop link, nothing else
  ---
  duration_ms: 0.531709
  type: 'test'
  ...
# Subtest: reminder copy: whitespace and length are flattened, never multi-line injected
ok 168 - reminder copy: whitespace and length are flattened, never multi-line injected
  ---
  duration_ms: 2.612875
  type: 'test'
  ...
# Subtest: reminder copy: every locale renders without leaving placeholders behind
ok 169 - reminder copy: every locale renders without leaving placeholders behind
  ---
  duration_ms: 0.231292
  type: 'test'
  ...
# Subtest: reminder copy: an empty name degrades to a dash, never to a dangling sentence
ok 170 - reminder copy: an empty name degrades to a dash, never to a dangling sentence
  ---
  duration_ms: 0.070875
  type: 'test'
  ...
# Subtest: unsubscribe token: round-trips, and the mechanic is part of the signature
ok 171 - unsubscribe token: round-trips, and the mechanic is part of the signature
  ---
  duration_ms: 3.761458
  type: 'test'
  ...
# Subtest: unsubscribe token: a different pepper, a truncated token or junk never verifies
ok 172 - unsubscribe token: a different pepper, a truncated token or junk never verifies
  ---
  duration_ms: 0.125167
  type: 'test'
  ...
# Subtest: unsubscribe path: the link carries only the token — no address, no session
ok 173 - unsubscribe path: the link carries only the token — no address, no session
  ---
  duration_ms: 0.085875
  type: 'test'
  ...
# Subtest: goals: the catalogue is exactly the 16 design goals, in doc order
ok 174 - goals: the catalogue is exactly the 16 design goals, in doc order
  ---
  duration_ms: 0.858458
  type: 'test'
  ...
# Subtest: goals: every goal has a label in all three locales
ok 175 - goals: every goal has a label in all three locales
  ---
  duration_ms: 0.233458
  type: 'test'
  ...
# Subtest: goals: patterns reference real catalogue ids only
ok 176 - goals: patterns reference real catalogue ids only
  ---
  duration_ms: 0.300417
  type: 'test'
  ...
# Subtest: goals: lookup helpers reject unknown ids instead of guessing
ok 177 - goals: lookup helpers reject unknown ids instead of guessing
  ---
  duration_ms: 0.089417
  type: 'test'
  ...
# Subtest: goals: validateGoals keeps the user priority order and dedupes in place
ok 178 - goals: validateGoals keeps the user priority order and dedupes in place
  ---
  duration_ms: 0.360209
  type: 'test'
  ...
# Subtest: goals: validateGoals rejects a fourth goal and unknown ids
ok 179 - goals: validateGoals rejects a fourth goal and unknown ids
  ---
  duration_ms: 0.400959
  type: 'test'
  ...
# Subtest: goals: the payload carries ids and labels only — never the matching patterns
ok 180 - goals: the payload carries ids and labels only — never the matching patterns
  ---
  duration_ms: 0.784291
  type: 'test'
  ...
# Subtest: goals: the picker copy exists in all three dictionaries with matching placeholders
ok 181 - goals: the picker copy exists in all three dictionaries with matching placeholders
  ---
  duration_ms: 0.545375
  type: 'test'
  ...
# Subtest: google-oauth: the two providers ask for exactly two read/write-narrow scopes
ok 182 - google-oauth: the two providers ask for exactly two read/write-narrow scopes
  ---
  duration_ms: 0.976208
  type: 'test'
  ...
# Subtest: google-oauth: only the two registered ids are Google providers
ok 183 - google-oauth: only the two registered ids are Google providers
  ---
  duration_ms: 0.134292
  type: 'test'
  ...
# Subtest: google-oauth: the redirect path is exactly the one registered at Google
ok 184 - google-oauth: the redirect path is exactly the one registered at Google
  ---
  duration_ms: 0.129375
  type: 'test'
  ...
# Subtest: google-oauth: the authorization URL carries PKCE, offline access and the provider scope
ok 185 - google-oauth: the authorization URL carries PKCE, offline access and the provider scope
  ---
  duration_ms: 0.275125
  type: 'test'
  ...
# Subtest: google-oauth: the calendar URL asks for the calendar scope only
ok 186 - google-oauth: the calendar URL asks for the calendar scope only
  ---
  duration_ms: 0.163
  type: 'test'
  ...
# Subtest: pkce: a pair is fresh, S256, and the challenge is the digest of the verifier
ok 187 - pkce: a pair is fresh, S256, and the challenge is the digest of the verifier
  ---
  duration_ms: 0.473958
  type: 'test'
  ...
# Subtest: oauth-state: a state round-trips and carries the provider it was issued for
ok 188 - oauth-state: a state round-trips and carries the provider it was issued for
  ---
  duration_ms: 0.757042
  type: 'test'
  ...
# Subtest: oauth-state: the PKCE verifier never travels in the state
ok 189 - oauth-state: the PKCE verifier never travels in the state
  ---
  duration_ms: 0.112958
  type: 'test'
  ...
# Subtest: oauth-state: a tampered payload is rejected as bad_signature
ok 190 - oauth-state: a tampered payload is rejected as bad_signature
  ---
  duration_ms: 0.60325
  type: 'test'
  ...
# Subtest: oauth-state: a state signed with another key is rejected
ok 191 - oauth-state: a state signed with another key is rejected
  ---
  duration_ms: 0.503459
  type: 'test'
  ...
# Subtest: oauth-state: an expired state is rejected, and the boundary is exclusive
ok 192 - oauth-state: an expired state is rejected, and the boundary is exclusive
  ---
  duration_ms: 0.248
  type: 'test'
  ...
# Subtest: oauth-state: a signed but wrong-shaped payload is malformed, never accepted
ok 193 - oauth-state: a signed but wrong-shaped payload is malformed, never accepted
  ---
  duration_ms: 0.366167
  type: 'test'
  ...
# Subtest: oauth-state: the MAC key is derived, not the encryption key itself
ok 194 - oauth-state: the MAC key is derived, not the encryption key itself
  ---
  duration_ms: 0.17325
  type: 'test'
  ...
# Subtest: google-oauth: a token response is parsed into an absolute expiry and a scope list
ok 195 - google-oauth: a token response is parsed into an absolute expiry and a scope list
  ---
  duration_ms: 14.554333
  type: 'test'
  ...
# Subtest: google-oauth: errors are classified, with invalid_grant winning over the status
ok 196 - google-oauth: errors are classified, with invalid_grant winning over the status
  ---
  duration_ms: 0.155958
  type: 'test'
  ...
# Subtest: crypto: a delivered token set survives the encrypt/decrypt round trip, and tampering is caught
ok 197 - crypto: a delivered token set survives the encrypt/decrypt round trip, and tampering is caught
  ---
  duration_ms: 1.450708
  type: 'test'
  ...
# Subtest: grant state: no row means not connected, and nothing else
ok 198 - grant state: no row means not connected, and nothing else
  ---
  duration_ms: 0.212917
  type: 'test'
  ...
# Subtest: grant state: a live grant with the right scope is connected
ok 199 - grant state: a live grant with the right scope is connected
  ---
  duration_ms: 0.103125
  type: 'test'
  ...
# Subtest: grant state: revoked wins over everything else
ok 200 - grant state: revoked wins over everything else
  ---
  duration_ms: 0.045083
  type: 'test'
  ...
# Subtest: grant state: a failed refresh, a dead token with no renewer, and a missing scope all read as expired
ok 201 - grant state: a failed refresh, a dead token with no renewer, and a missing scope all read as expired
  ---
  duration_ms: 0.064791
  type: 'test'
  ...
# Subtest: grant state: refresh is attempted only for a renewable, past-expiry grant
ok 202 - grant state: refresh is attempted only for a renewable, past-expiry grant
  ---
  duration_ms: 0.072875
  type: 'test'
  ...
# Subtest: people: only names and email addresses are read, everything else is ignored
ok 203 - people: only names and email addresses are read, everything else is ignored
  ---
  duration_ms: 0.903666
  type: 'test'
  ...
# Subtest: people: a page token means truncated, and the ceiling is honest
ok 204 - people: a page token means truncated, and the ceiling is honest
  ---
  duration_ms: 0.470917
  type: 'test'
  ...
# Subtest: calendar: NO counterpart email is sent by default — the attendee list is empty
ok 205 - calendar: NO counterpart email is sent by default — the attendee list is empty
  ---
  duration_ms: 0.081959
  type: 'test'
  ...
# Subtest: calendar: the counterpart email travels only with an explicit per-action opt-in
ok 206 - calendar: the counterpart email travels only with an explicit per-action opt-in
  ---
  duration_ms: 0.168166
  type: 'test'
  ...
# Subtest: calendar: the event body keeps the agreed wall clock and the app timezone
ok 207 - calendar: the event body keeps the agreed wall clock and the app timezone
  ---
  duration_ms: 0.174958
  type: 'test'
  ...
# Subtest: calendar: only an event id and a link come back from a created event
ok 208 - calendar: only an event id and a link come back from a created event
  ---
  duration_ms: 0.080125
  type: 'test'
  ...
# Subtest: flow status: only the six declared words are accepted, anything else is ignored
ok 209 - flow status: only the six declared words are accepted, anything else is ignored
  ---
  duration_ms: 0.07325
  type: 'test'
  ...
# Subtest: no third-party contact can be stored: no INSERT into any table in the Google paths
ok 210 - no third-party contact can be stored: no INSERT into any table in the Google paths
  ---
  duration_ms: 0.462875
  type: 'test'
  ...
# Subtest: the Google Contacts route normalizes with the SAME function as the address-book import
ok 211 - the Google Contacts route normalizes with the SAME function as the address-book import
  ---
  duration_ms: 0.192708
  type: 'test'
  ...
# Subtest: dictionaries: ru and es cover every en key (or documented fallback)
ok 212 - dictionaries: ru and es cover every en key (or documented fallback)
  ---
  duration_ms: 1.531042
  type: 'test'
  ...
# Subtest: dictionaries: ru and es have no unknown keys
ok 213 - dictionaries: ru and es have no unknown keys
  ---
  duration_ms: 0.408708
  type: 'test'
  ...
# Subtest: dictionaries: all values are non-empty strings
ok 214 - dictionaries: all values are non-empty strings
  ---
  duration_ms: 28.934166
  type: 'test'
  ...
# Subtest: dictionaries: placeholder variables match across locales
ok 215 - dictionaries: placeholder variables match across locales
  ---
  duration_ms: 32.325625
  type: 'test'
  ...
# Subtest: locale resolution: valid values pass, everything else falls back to en
ok 216 - locale resolution: valid values pass, everything else falls back to en
  ---
  duration_ms: 0.242375
  type: 'test'
  ...
# Subtest: t(): localized lookup, English fallback and interpolation
ok 217 - t(): localized lookup, English fallback and interpolation
  ---
  duration_ms: 2.611917
  type: 'test'
  ...
# Subtest: escape: backslash, semicolon and comma take the RFC 5545 escape
ok 218 - escape: backslash, semicolon and comma take the RFC 5545 escape
  ---
  duration_ms: 0.792333
  type: 'test'
  ...
# Subtest: escape: newlines become the literal \\n and CR never survives
ok 219 - escape: newlines become the literal \\n and CR never survives
  ---
  duration_ms: 0.179583
  type: 'test'
  ...
# Subtest: escape: a CRLF property-injection attempt cannot open a new line
ok 220 - escape: a CRLF property-injection attempt cannot open a new line
  ---
  duration_ms: 0.064417
  type: 'test'
  ...
# Subtest: escape: other control characters are dropped, not escaped
ok 221 - escape: other control characters are dropped, not escaped
  ---
  duration_ms: 0.056292
  type: 'test'
  ...
# Subtest: formatIcsUtc: always UTC, second precision, trailing Z
ok 222 - formatIcsUtc: always UTC, second precision, trailing Z
  ---
  duration_ms: 0.164167
  type: 'test'
  ...
# Subtest: icsUid: stable per event id, host sanitized, never derived from the name
ok 223 - icsUid: stable per event id, host sanitized, never derived from the name
  ---
  duration_ms: 0.087417
  type: 'test'
  ...
# Subtest: icsFilename: url-safe, keeps generated underscores, always .ics
ok 224 - icsFilename: url-safe, keeps generated underscores, always .ics
  ---
  duration_ms: 0.188208
  type: 'test'
  ...
# Subtest: buildIcs: UTC stamps, timezone as metadata, CRLF line endings only
ok 225 - buildIcs: UTC stamps, timezone as metadata, CRLF line endings only
  ---
  duration_ms: 0.256916
  type: 'test'
  ...
# Subtest: buildIcs: no end time → DTEND is omitted rather than invented
ok 226 - buildIcs: no end time → DTEND is omitted rather than invented
  ---
  duration_ms: 0.305625
  type: 'test'
  ...
# Subtest: buildIcs: UID is stable across downloads and independent of DTSTAMP
ok 227 - buildIcs: UID is stable across downloads and independent of DTSTAMP
  ---
  duration_ms: 0.472584
  type: 'test'
  ...
# Subtest: buildIcs: injection through name/location/description is neutralized
ok 228 - buildIcs: injection through name/location/description is neutralized
  ---
  duration_ms: 0.189792
  type: 'test'
  ...
# Subtest: buildIcs: consent text is appended to DESCRIPTION, empty parts dropped
ok 229 - buildIcs: consent text is appended to DESCRIPTION, empty parts dropped
  ---
  duration_ms: 22.427458
  type: 'test'
  ...
# Subtest: buildIcs: no location and no url → those properties are simply absent
ok 230 - buildIcs: no location and no url → those properties are simply absent
  ---
  duration_ms: 14.343167
  type: 'test'
  ...
# Subtest: buildIcs: the builder is a whitelist — an unexpected private field never leaks
ok 231 - buildIcs: the builder is a whitelist — an unexpected private field never leaks
  ---
  duration_ms: 7.424
  type: 'test'
  ...
# Subtest: buildIcs: long values are folded to <=75 octets and unfold back to the same text
ok 232 - buildIcs: long values are folded to <=75 octets and unfold back to the same text
  ---
  duration_ms: 0.245125
  type: 'test'
  ...
# Subtest: googleCalendarUrl: TEMPLATE action, UTC range, encoded details and location
ok 233 - googleCalendarUrl: TEMPLATE action, UTC range, encoded details and location
  ---
  duration_ms: 0.313416
  type: 'test'
  ...
# Subtest: googleCalendarUrl: no end → zero-length range; empty details omitted
ok 234 - googleCalendarUrl: no end → zero-length range; empty details omitted
  ---
  duration_ms: 0.076459
  type: 'test'
  ...
# Subtest: import constants match the brief (5MB / 5000 rows / preview sample 50)
ok 235 - import constants match the brief (5MB / 5000 rows / preview sample 50)
  ---
  duration_ms: 0.5495
  type: 'test'
  ...
# Subtest: import: auto-map finds canonical columns
ok 236 - import: auto-map finds canonical columns
  ---
  duration_ms: 0.449958
  type: 'test'
  ...
# Subtest: import: mapping override uses organizer-provided headers
ok 237 - import: mapping override uses organizer-provided headers
  ---
  duration_ms: 2.04275
  type: 'test'
  ...
# Subtest: import: headline column is accepted as role fallback
ok 238 - import: headline column is accepted as role fallback
  ---
  duration_ms: 0.193125
  type: 'test'
  ...
# Subtest: import: emails are normalized; invalid emails flagged, not fatal
ok 239 - import: emails are normalized; invalid emails flagged, not fatal
  ---
  duration_ms: 0.702583
  type: 'test'
  ...
# Subtest: import: approval_status normalization (interpretation ③)
ok 240 - import: approval_status normalization (interpretation ③)
  ---
  duration_ms: 0.129625
  type: 'test'
  ...
# Subtest: import: rows without name AND without valid email are errors and skipped
ok 241 - import: rows without name AND without valid email are errors and skipped
  ---
  duration_ms: 0.224708
  type: 'test'
  ...
# Subtest: import: duplicates within a file collapse to the first record
ok 242 - import: duplicates within a file collapse to the first record
  ---
  duration_ms: 0.424333
  type: 'test'
  ...
# Subtest: import: preview sample capped at 50, counts correct
ok 243 - import: preview sample capped at 50, counts correct
  ---
  duration_ms: 2.893375
  type: 'test'
  ...
# Subtest: import: mapped extra columns land in imported_data (formula cells stay data)
ok 244 - import: mapped extra columns land in imported_data (formula cells stay data)
  ---
  duration_ms: 1.743625
  type: 'test'
  ...
# Subtest: import: empty header row → error, no records
ok 245 - import: empty header row → error, no records
  ---
  duration_ms: 0.354167
  type: 'test'
  ...
# Subtest: import: mapCsvRows echoes the resolved mapping and the header columns
ok 246 - import: mapCsvRows echoes the resolved mapping and the header columns
  ---
  duration_ms: 0.559833
  type: 'test'
  ...
# Subtest: import: mapping echo reports the auto-resolved column when no override is given
ok 247 - import: mapping echo reports the auto-resolved column when no override is given
  ---
  duration_ms: 3.325583
  type: 'test'
  ...
# Subtest: validateMapping: accepts {csvColumn: field} and returns the canonical {field: column}
ok 248 - validateMapping: accepts {csvColumn: field} and returns the canonical {field: column}
  ---
  duration_ms: 0.161208
  type: 'test'
  ...
# Subtest: validateMapping: column matching ignores surrounding whitespace and case
ok 249 - validateMapping: column matching ignores surrounding whitespace and case
  ---
  duration_ms: 0.04975
  type: 'test'
  ...
# Subtest: validateMapping: unknown field → unknown_mapping_field
ok 250 - validateMapping: unknown field → unknown_mapping_field
  ---
  duration_ms: 0.0475
  type: 'test'
  ...
# Subtest: validateMapping: column absent from the CSV → unknown_csv_column
ok 251 - validateMapping: column absent from the CSV → unknown_csv_column
  ---
  duration_ms: 0.040084
  type: 'test'
  ...
# Subtest: validateMapping: two columns for one field → duplicate_mapping_field
ok 252 - validateMapping: two columns for one field → duplicate_mapping_field
  ---
  duration_ms: 9.012916
  type: 'test'
  ...
# Subtest: validateMapping: headline is an alias of role, so role+headline collide
ok 253 - validateMapping: headline is an alias of role, so role+headline collide
  ---
  duration_ms: 14.449875
  type: 'test'
  ...
# Subtest: validateMapping: non-string field value → invalid_mapping
ok 254 - validateMapping: non-string field value → invalid_mapping
  ---
  duration_ms: 0.160583
  type: 'test'
  ...
# Subtest: validateMapping: an empty mapping is valid (auto-mapping applies)
ok 255 - validateMapping: an empty mapping is valid (auto-mapping applies)
  ---
  duration_ms: 0.063291
  type: 'test'
  ...
# Subtest: import: explicit mapping changes which value lands in which field
ok 256 - import: explicit mapping changes which value lands in which field
  ---
  duration_ms: 0.124083
  type: 'test'
  ...
# Subtest: canonical pair: lexicographic min/max, stable in both directions
ok 257 - canonical pair: lexicographic min/max, stable in both directions
  ---
  duration_ms: 0.793292
  type: 'test'
  ...
# Subtest: context keys: event:<uuid> | personal:<min uuid> (interpretation ②)
ok 258 - context keys: event:<uuid> | personal:<min uuid> (interpretation ②)
  ---
  duration_ms: 0.10125
  type: 'test'
  ...
# Subtest: reveal fields allowlist: contact kinds only, no email (login email is never stored)
ok 259 - reveal fields allowlist: contact kinds only, no email (login email is never stored)
  ---
  duration_ms: 0.061375
  type: 'test'
  ...
# Subtest: consent sources: the domain list matches the migration 009 CHECK (ADR 0010)
ok 260 - consent sources: the domain list matches the migration 009 CHECK (ADR 0010)
  ---
  duration_ms: 0.610167
  type: 'test'
  ...
# Subtest: validateCreateIntroInput: valid with event and reveal fields
ok 261 - validateCreateIntroInput: valid with event and reveal fields
  ---
  duration_ms: 0.341833
  type: 'test'
  ...
# Subtest: validateCreateIntroInput: valid personal (no event), empty reveal fields default
ok 262 - validateCreateIntroInput: valid personal (no event), empty reveal fields default
  ---
  duration_ms: 0.108667
  type: 'test'
  ...
# Subtest: validateCreateIntroInput: invalid bodies fail closed
ok 263 - validateCreateIntroInput: invalid bodies fail closed
  ---
  duration_ms: 0.335916
  type: 'test'
  ...
# Subtest: validateRespondInput: accept/decline/withdraw with optional reveal fields
ok 264 - validateRespondInput: accept/decline/withdraw with optional reveal fields
  ---
  duration_ms: 0.764542
  type: 'test'
  ...
# Subtest: legacy hosts: one rule per host, both hosts covered, no wildcard
ok 265 - legacy hosts: one rule per host, both hosts covered, no wildcard
  ---
  duration_ms: 0.827875
  type: 'test'
  ...
# Subtest: legacy hosts: matching is exact — a lookalike host is not redirected
ok 266 - legacy hosts: matching is exact — a lookalike host is not redirected
  ---
  duration_ms: 0.277375
  type: 'test'
  ...
# Subtest: canonical domain and other preview hosts are never redirected
ok 267 - canonical domain and other preview hosts are never redirected
  ---
  duration_ms: 0.255542
  type: 'test'
  ...
# Subtest: legacy hosts: permanent redirect (308) to the canonical origin
ok 268 - legacy hosts: permanent redirect (308) to the canonical origin
  ---
  duration_ms: 0.637125
  type: 'test'
  ...
# Subtest: legacy hosts: page paths match, /api/* is carved out
ok 269 - legacy hosts: page paths match, /api/* is carved out
  ---
  duration_ms: 0.237417
  type: 'test'
  ...
# Subtest: links: the five card fields are LinkedIn, site, GitHub, Telegram, WhatsApp
ok 270 - links: the five card fields are LinkedIn, site, GitHub, Telegram, WhatsApp
  ---
  duration_ms: 1.147375
  type: 'test'
  ...
# Subtest: links: the kind is detected from the domain
ok 271 - links: the kind is detected from the domain
  ---
  duration_ms: 0.376417
  type: 'test'
  ...
# Subtest: links: unsafe schemes are rejected for every kind
ok 272 - links: unsafe schemes are rejected for every kind
  ---
  duration_ms: 0.195417
  type: 'test'
  ...
# Subtest: links: linkedin_url requires a linkedin profile-ish path
ok 273 - links: linkedin_url requires a linkedin profile-ish path
  ---
  duration_ms: 0.20275
  type: 'test'
  ...
# Subtest: links: github_url requires a single profile segment
ok 274 - links: github_url requires a single profile segment
  ---
  duration_ms: 0.191375
  type: 'test'
  ...
# Subtest: links: telegram handles normalize to @handle and reject junk
ok 275 - links: telegram handles normalize to @handle and reject junk
  ---
  duration_ms: 0.269208
  type: 'test'
  ...
# Subtest: links: whatsapp normalizes to +digits and rejects foreign hosts
ok 276 - links: whatsapp normalizes to +digits and rejects foreign hosts
  ---
  duration_ms: 0.119083
  type: 'test'
  ...
# Subtest: links: website accepts a bare host and strips credentials
ok 277 - links: website accepts a bare host and strips credentials
  ---
  duration_ms: 0.085208
  type: 'test'
  ...
# Subtest: links: linkHref is the only href builder and refuses unsafe values
ok 278 - links: linkHref is the only href builder and refuses unsafe values
  ---
  duration_ms: 0.357708
  type: 'test'
  ...
# Subtest: links: only URL kinds are rendered as URL links
ok 279 - links: only URL kinds are rendered as URL links
  ---
  duration_ms: 0.330959
  type: 'test'
  ...
# Subtest: resolveRequestLocale: a valid ?lang= wins and is reported as query-derived
ok 280 - resolveRequestLocale: a valid ?lang= wins and is reported as query-derived
  ---
  duration_ms: 2.085166
  type: 'test'
  ...
# Subtest: resolveRequestLocale: an invalid ?lang= is ignored and never overrides the cookie
ok 281 - resolveRequestLocale: an invalid ?lang= is ignored and never overrides the cookie
  ---
  duration_ms: 0.411208
  type: 'test'
  ...
# Subtest: resolveRequestLocale: the account preference outranks the device cookie
ok 282 - resolveRequestLocale: the account preference outranks the device cookie
  ---
  duration_ms: 0.136375
  type: 'test'
  ...
# Subtest: resolveRequestLocale: a valid ?lang= wins the render even over the account
ok 283 - resolveRequestLocale: a valid ?lang= wins the render even over the account
  ---
  duration_ms: 0.320292
  type: 'test'
  ...
# Subtest: resolveRequestLocale: the full truth table, so re-ordering the inputs cannot pass unnoticed
ok 284 - resolveRequestLocale: the full truth table, so re-ordering the inputs cannot pass unnoticed
  ---
  duration_ms: 0.156417
  type: 'test'
  ...
# Subtest: proxy: ?lang=ru renders this request in ru and persists the choice in the cookie
ok 285 - proxy: ?lang=ru renders this request in ru and persists the choice in the cookie
  ---
  duration_ms: 8.011917
  type: 'test'
  ...
# Subtest: proxy: an invalid ?lang= is a no-op (no cookie written, nothing forwarded)
ok 286 - proxy: an invalid ?lang= is a no-op (no cookie written, nothing forwarded)
  ---
  duration_ms: 1.169
  type: 'test'
  ...
# Subtest: proxy: the query parameter overrides an existing cookie for the current render
ok 287 - proxy: the query parameter overrides an existing cookie for the current render
  ---
  duration_ms: 0.47225
  type: 'test'
  ...
# Subtest: proxy: the override is wired to the query parameter name the links and docs use
ok 288 - proxy: the override is wired to the query parameter name the links and docs use
  ---
  duration_ms: 0.274875
  type: 'test'
  ...
# Subtest: proxy: ?lang= is structurally unable to write the account locale
ok 289 - proxy: ?lang= is structurally unable to write the account locale
  ---
  duration_ms: 0.554583
  type: 'test'
  ...
# Subtest: AC-27 core: complementary needs/offers produce a mutual score
ok 290 - AC-27 core: complementary needs/offers produce a mutual score
  ---
  duration_ms: 1.058375
  type: 'test'
  ...
# Subtest: AC-27 core: both seeking the same thing → null (no mutual fit)
ok 291 - AC-27 core: both seeking the same thing → null (no mutual fit)
  ---
  duration_ms: 0.144083
  type: 'test'
  ...
# Subtest: AC-27 core: one-sided fit → null (nothing to offer the other side)
ok 292 - AC-27 core: one-sided fit → null (nothing to offer the other side)
  ---
  duration_ms: 0.076916
  type: 'test'
  ...
# Subtest: AC-29 core: scorePair is symmetric (same score, swapped reasons)
ok 293 - AC-29 core: scorePair is symmetric (same score, swapped reasons)
  ---
  duration_ms: 0.079417
  type: 'test'
  ...
# Subtest: core: partial overlap computes the frozen formula exactly
ok 294 - core: partial overlap computes the frozen formula exactly
  ---
  duration_ms: 0.146166
  type: 'test'
  ...
# Subtest: core: asymmetric coverage (0.5/1.0) computes the frozen formula exactly
ok 295 - core: asymmetric coverage (0.5/1.0) computes the frozen formula exactly
  ---
  duration_ms: 0.135417
  type: 'test'
  ...
# Subtest: core: self, ineligible and blocked pairs are rejected
ok 296 - core: self, ineligible and blocked pairs are rejected
  ---
  duration_ms: 0.118125
  type: 'test'
  ...
# Subtest: core: missing/invalid inputs throw TypeError like the original
ok 297 - core: missing/invalid inputs throw TypeError like the original
  ---
  duration_ms: 0.228625
  type: 'test'
  ...
# Subtest: recommend: filters non-matches, sorts by score/pending/id, caps at limit
ok 298 - recommend: filters non-matches, sorts by score/pending/id, caps at limit
  ---
  duration_ms: 0.492208
  type: 'test'
  ...
# Subtest: recommend: limit must be integer 0..3
ok 299 - recommend: limit must be integer 0..3
  ---
  duration_ms: 3.887833
  type: 'test'
  ...
# Subtest: recommend: deterministic tie-break by profile id
ok 300 - recommend: deterministic tie-break by profile id
  ---
  duration_ms: 0.291542
  type: 'test'
  ...
# Subtest: canRevealPrivate: contract shape (mutually_accepted + policy version match)
ok 301 - canRevealPrivate: contract shape (mutually_accepted + policy version match)
  ---
  duration_ms: 0.102625
  type: 'test'
  ...
# Subtest: parity: scorePair matches the original .mjs on shared cases
ok 302 - parity: scorePair matches the original .mjs on shared cases
  ---
  duration_ms: 10.100875
  type: 'test'
  ...
# Subtest: parity: recommend matches the original on shared candidate lists
ok 303 - parity: recommend matches the original on shared candidate lists
  ---
  duration_ms: 0.588333
  type: 'test'
  ...
# Subtest: parity: canRevealPrivate matches the original
ok 304 - parity: canRevealPrivate matches the original
  ---
  duration_ms: 0.147334
  type: 'test'
  ...
# Subtest: normalTags parity: outputs match original on all cases
ok 305 - normalTags parity: outputs match original on all cases
  ---
  duration_ms: 1.098458
  type: 'test'
  ...
# Subtest: normalTags parity: throws match original on all cases
ok 306 - normalTags parity: throws match original on all cases
  ---
  duration_ms: 0.397667
  type: 'test'
  ...
# Subtest: normalTags parity: non-array inputs throw identically
ok 307 - normalTags parity: non-array inputs throw identically
  ---
  duration_ms: 0.103041
  type: 'test'
  ...
# Subtest: normalTags: spec archive case — normalize duplicates case whitespace
ok 308 - normalTags: spec archive case — normalize duplicates case whitespace
  ---
  duration_ms: 0.055458
  type: 'test'
  ...
# Subtest: normalTags: 80-char tag accepted, 81 rejected
ok 309 - normalTags: 80-char tag accepted, 81 rejected
  ---
  duration_ms: 0.077416
  type: 'test'
  ...
# Subtest: escapeVCard parity: outputs match original on all cases
ok 310 - escapeVCard parity: outputs match original on all cases
  ---
  duration_ms: 0.204375
  type: 'test'
  ...
# Subtest: escapeVCard: CRLF escaped (spec archive case)
ok 311 - escapeVCard: CRLF escaped (spec archive case)
  ---
  duration_ms: 0.106584
  type: 'test'
  ...
# Subtest: escapeVCard: delimiters escaped (spec archive case)
ok 312 - escapeVCard: delimiters escaped (spec archive case)
  ---
  duration_ms: 0.045
  type: 'test'
  ...
# Subtest: escapeVCard: escaping order — backslash never double-escapes produced sequences
ok 313 - escapeVCard: escaping order — backslash never double-escapes produced sequences
  ---
  duration_ms: 2.068875
  type: 'test'
  ...
# Subtest: score: intent complement is the gate — 45 points on its own
ok 314 - score: intent complement is the gate — 45 points on its own
  ---
  duration_ms: 0.93025
  type: 'test'
  ...
# Subtest: score: complement works in either direction
ok 315 - score: complement works in either direction
  ---
  duration_ms: 0.193917
  type: 'test'
  ...
# Subtest: score: interest-only match passes the gate at >= 0.34
ok 316 - score: interest-only match passes the gate at >= 0.34
  ---
  duration_ms: 0.146583
  type: 'test'
  ...
# Subtest: score: a single shared interest out of three (0.333) does NOT pass the gate
ok 317 - score: a single shared interest out of three (0.333) does NOT pass the gate
  ---
  duration_ms: 0.166833
  type: 'test'
  ...
# Subtest: score: interestOverlap uses max(1, min(|a|,|b|)) so a 1-interest profile can fully match
ok 318 - score: interestOverlap uses max(1, min(|a|,|b|)) so a 1-interest profile can fully match
  ---
  duration_ms: 0.091833
  type: 'test'
  ...
# Subtest: score: function+industry passes the gate without intents or interests
ok 319 - score: function+industry passes the gate without intents or interests
  ---
  duration_ms: 34.359875
  type: 'test'
  ...
# Subtest: score: complementary functions count (founder↔investor, sales↔marketing), same industry needed for the gate
ok 320 - score: complementary functions count (founder↔investor, sales↔marketing), same industry needed for the gate
  ---
  duration_ms: 30.004541
  type: 'test'
  ...
# Subtest: score: a full match across all four components is exactly 100
ok 321 - score: a full match across all four components is exactly 100
  ---
  duration_ms: 0.240625
  type: 'test'
  ...
# Subtest: score: profiles without v3 data are NOT scored by this layer (eligible:false)
ok 322 - score: profiles without v3 data are NOT scored by this layer (eligible:false)
  ---
  duration_ms: 0.687875
  type: 'test'
  ...
# Subtest: score: hard ineligibility returns null (same id, blocked, not eligible)
ok 323 - score: hard ineligibility returns null (same id, blocked, not eligible)
  ---
  duration_ms: 0.510042
  type: 'test'
  ...
# Subtest: score: unknown / stale values are ignored, not crashed on
ok 324 - score: unknown / stale values are ignored, not crashed on
  ---
  duration_ms: 0.156667
  type: 'test'
  ...
# Subtest: score: same industry requires both sides to be set
ok 325 - score: same industry requires both sides to be set
  ---
  duration_ms: 0.095708
  type: 'test'
  ...
# Subtest: reasonsFor: an intent the viewer offers becomes intent_offer_match with catalogue ids
ok 326 - reasonsFor: an intent the viewer offers becomes intent_offer_match with catalogue ids
  ---
  duration_ms: 0.130875
  type: 'test'
  ...
# Subtest: reasonsFor: the reverse direction is a different code for the same pair
ok 327 - reasonsFor: the reverse direction is a different code for the same pair
  ---
  duration_ms: 0.11125
  type: 'test'
  ...
# Subtest: reasonsFor: interest + context reasons, catalogue-ordered
ok 328 - reasonsFor: interest + context reasons, catalogue-ordered
  ---
  duration_ms: 0.082042
  type: 'test'
  ...
# Subtest: reasonsFor: deterministic and independent of input order
ok 329 - reasonsFor: deterministic and independent of input order
  ---
  duration_ms: 0.090625
  type: 'test'
  ...
# Subtest: reasonsFor: empty for self, unknown ids, and no visible overlap
ok 330 - reasonsFor: empty for self, unknown ids, and no visible overlap
  ---
  duration_ms: 0.184208
  type: 'test'
  ...
# Subtest: reasonsFor: at most 3 intent-level reasons, context reasons never counted in
ok 331 - reasonsFor: at most 3 intent-level reasons, context reasons never counted in
  ---
  duration_ms: 0.062334
  type: 'test'
  ...
# Subtest: score result reasons mirror reasonsFor for the same pair
ok 332 - score result reasons mirror reasonsFor for the same pair
  ---
  duration_ms: 0.057417
  type: 'test'
  ...
# Subtest: v4: the default weights are exactly the documented ones
ok 333 - v4: the default weights are exactly the documented ones
  ---
  duration_ms: 0.624708
  type: 'test'
  ...
# Subtest: v4: every mode's weights sum to exactly 1
ok 334 - v4: every mode's weights sum to exactly 1
  ---
  duration_ms: 1.180291
  type: 'test'
  ...
# Subtest: v4: usefulness is the literal formula from the design (mode = useful)
ok 335 - v4: usefulness is the literal formula from the design (mode = useful)
  ---
  duration_ms: 0.205375
  type: 'test'
  ...
# Subtest: v4: mode values are validated, never guessed
ok 336 - v4: mode values are validated, never guessed
  ---
  duration_ms: 0.564
  type: 'test'
  ...
# Subtest: v4: intentFit weights the viewer's own priority order (first need first)
ok 337 - v4: intentFit weights the viewer's own priority order (first need first)
  ---
  duration_ms: 0.99875
  type: 'test'
  ...
# Subtest: v4: the complementarity matrix is the six documented pairs
ok 338 - v4: the complementarity matrix is the six documented pairs
  ---
  duration_ms: 1.296209
  type: 'test'
  ...
# Subtest: v4: complementarity also comes from mutual needs×offers, not only from functions
ok 339 - v4: complementarity also comes from mutual needs×offers, not only from functions
  ---
  duration_ms: 1.554542
  type: 'test'
  ...
# Subtest: v4: goalAlignment is 1 on a direct hit, 0.5 on an interest-level hit, 0 for an unrelated goal
ok 340 - v4: goalAlignment is 1 on a direct hit, 0.5 on an interest-level hit, 0 for an unrelated goal
  ---
  duration_ms: 1.219125
  type: 'test'
  ...
# Subtest: v4: goals are priority-ordered and the first one weighs most
ok 341 - v4: goals are priority-ordered and the first one weighs most
  ---
  duration_ms: 0.436
  type: 'test'
  ...
# Subtest: v4: no goals means no goalAlignment — never a penalty or a bonus
ok 342 - v4: no goals means no goalAlignment — never a penalty or a bonus
  ---
  duration_ms: 0.355125
  type: 'test'
  ...
# Subtest: v4: novelty penalizes a clone instead of showing the same person twice
ok 343 - v4: novelty penalizes a clone instead of showing the same person twice
  ---
  duration_ms: 0.278875
  type: 'test'
  ...
# Subtest: v4: ranking is deterministic — same input, same output
ok 344 - v4: ranking is deterministic — same input, same output
  ---
  duration_ms: 0.291667
  type: 'test'
  ...
# Subtest: v4: recency breaks ties but never enters the score
ok 345 - v4: recency breaks ties but never enters the score
  ---
  duration_ms: 0.131667
  type: 'test'
  ...
# Subtest: v4: scores are integers in 0..100 and carry the v4 algorithm marker
ok 346 - v4: scores are integers in 0..100 and carry the v4 algorithm marker
  ---
  duration_ms: 0.094875
  type: 'test'
  ...
# Subtest: v4 mode=useful: the gate is the v3 gate AND complementarity >= threshold
ok 347 - v4 mode=useful: the gate is the v3 gate AND complementarity >= threshold
  ---
  duration_ms: 0.10775
  type: 'test'
  ...
# Subtest: v4: each mode asks its own question and returns a different order
ok 348 - v4: each mode asks its own question and returns a different order
  ---
  duration_ms: 0.4095
  type: 'test'
  ...
# Subtest: v4 mode=explore: without a shared topic there is nothing to widen
ok 349 - v4 mode=explore: without a shared topic there is nothing to widen
  ---
  duration_ms: 0.052959
  type: 'test'
  ...
# Subtest: v4: excluded_reason explains an empty list, and is null otherwise
ok 350 - v4: excluded_reason explains an empty list, and is null otherwise
  ---
  duration_ms: 1.701166
  type: 'test'
  ...
# Subtest: v4: ineligible, blocked and self candidates are never considered
ok 351 - v4: ineligible, blocked and self candidates are never considered
  ---
  duration_ms: 0.481333
  type: 'test'
  ...
# Subtest: v4: the limit is honoured, and a zero limit returns nothing but still explains
ok 352 - v4: the limit is honoured, and a zero limit returns nothing but still explains
  ---
  duration_ms: 0.214458
  type: 'test'
  ...
# Subtest: v4 reasons: line 1 explains the usefulness, line 2 the development
ok 353 - v4 reasons: line 1 explains the usefulness, line 2 the development
  ---
  duration_ms: 0.192125
  type: 'test'
  ...
# Subtest: v4 reasons: a teacher is named on the growth line
ok 354 - v4 reasons: a teacher is named on the growth line
  ---
  duration_ms: 0.079834
  type: 'test'
  ...
# Subtest: v4 is additive: scoreNetworking keeps its v3 answer for the same pair
ok 355 - v4 is additive: scoreNetworking keeps its v3 answer for the same pair
  ---
  duration_ms: 0.06575
  type: 'test'
  ...
# Subtest: person card: renders the public fields and the site host
ok 356 - person card: renders the public fields and the site host
  ---
  duration_ms: 6.886667
  type: 'test'
  ...
# Subtest: person card: a card without headline or company still renders its name
ok 357 - person card: a card without headline or company still renders its name
  ---
  duration_ms: 0.366667
  type: 'test'
  ...
# Subtest: event card: renders title, schedule and place
ok 358 - event card: renders title, schedule and place
  ---
  duration_ms: 0.444
  type: 'test'
  ...
# Subtest: event card: an undated event renders its title alone
ok 359 - event card: an undated event renders its title alone
  ---
  duration_ms: 0.165166
  type: 'test'
  ...
# Subtest: landing card: renders the headline, the qualifying line and the site host
ok 360 - landing card: renders the headline, the qualifying line and the site host
  ---
  duration_ms: 0.39675
  type: 'test'
  ...
# Subtest: landing card: a headline without a body renders alone
ok 361 - landing card: a headline without a body renders alone
  ---
  duration_ms: 0.166459
  type: 'test'
  ...
# Subtest: landing card: the copy is escaped and elided like every other card
ok 362 - landing card: the copy is escaped and elided like every other card
  ---
  duration_ms: 0.281292
  type: 'test'
  ...
# Subtest: honesty: the landing card type has no slot for a claim it cannot support
ok 363 - honesty: the landing card type has no slot for a claim it cannot support
  ---
  duration_ms: 0.274875
  type: 'test'
  ...
# Subtest: honesty: extra keys on a wider object never reach the landing markup
ok 364 - honesty: extra keys on a wider object never reach the landing markup
  ---
  duration_ms: 0.469708
  type: 'test'
  ...
# Subtest: cards: long values are elided, so the footer cannot be pushed off
ok 365 - cards: long values are elided, so the footer cannot be pushed off
  ---
  duration_ms: 0.930459
  type: 'test'
  ...
# Subtest: cards: user text is escaped, never markup
ok 366 - cards: user text is escaped, never markup
  ---
  duration_ms: 20.335958
  type: 'test'
  ...
# Subtest: cards: the canvas is the 1200×630 share-image convention
ok 367 - cards: the canvas is the 1200×630 share-image convention
  ---
  duration_ms: 0.526375
  type: 'test'
  ...
# Subtest: privacy: the narrow input type rejects a private field at compile time
ok 368 - privacy: the narrow input type rejects a private field at compile time
  ---
  duration_ms: 0.364875
  type: 'test'
  ...
# Subtest: privacy: private values in a wider object never reach the markup
ok 369 - privacy: private values in a wider object never reach the markup
  ---
  duration_ms: 0.31375
  type: 'test'
  ...
# Subtest: hostFromBaseUrl: derives the footer host from APP_BASE_URL
ok 370 - hostFromBaseUrl: derives the footer host from APP_BASE_URL
  ---
  duration_ms: 0.147833
  type: 'test'
  ...
# Subtest: draft: an empty draft is versioned, starts at step 1 and hides nothing
ok 371 - draft: an empty draft is versioned, starts at step 1 and hides nothing
  ---
  duration_ms: 6.887292
  type: 'test'
  ...
# Subtest: draft: serialize → parse is lossless for every wizard field
ok 372 - draft: serialize → parse is lossless for every wizard field
  ---
  duration_ms: 1.759
  type: 'test'
  ...
# Subtest: draft: parseDraft accepts an object too and never throws on junk
ok 373 - draft: parseDraft accepts an object too and never throws on junk
  ---
  duration_ms: 1.24625
  type: 'test'
  ...
# Subtest: draft: a draft from another version is discarded, never half-read
ok 374 - draft: a draft from another version is discarded, never half-read
  ---
  duration_ms: 0.12425
  type: 'test'
  ...
# Subtest: draft: the step is clamped into range and unknown links/kinds are dropped
ok 375 - draft: the step is clamped into range and unknown links/kinds are dropped
  ---
  duration_ms: 0.220083
  type: 'test'
  ...
# Subtest: draft: over-long lists are truncated to the catalogue limits
ok 376 - draft: over-long lists are truncated to the catalogue limits
  ---
  duration_ms: 0.104791
  type: 'test'
  ...
# Subtest: draft: publish checkboxes invert into the hidden_fields deny list
ok 377 - draft: publish checkboxes invert into the hidden_fields deny list
  ---
  duration_ms: 0.174209
  type: 'test'
  ...
# Subtest: directory filters: the default is intent mode with nothing narrowed
ok 378 - directory filters: the default is intent mode with nothing narrowed
  ---
  duration_ms: 0.131
  type: 'test'
  ...
# Subtest: directory filters: query round-trips through the URL contract
ok 379 - directory filters: query round-trips through the URL contract
  ---
  duration_ms: 1.45175
  type: 'test'
  ...
# Subtest: directory filters: the API query uses the canonical job_function param
ok 380 - directory filters: the API query uses the canonical job_function param
  ---
  duration_ms: 0.566125
  type: 'test'
  ...
# Subtest: directory filters: invalid modes fall back and blank values are omitted
ok 381 - directory filters: invalid modes fall back and blank values are omitted
  ---
  duration_ms: 0.170167
  type: 'test'
  ...
# Subtest: directory filters: all three modes serialize and survive the round trip
ok 382 - directory filters: all three modes serialize and survive the round trip
  ---
  duration_ms: 0.088833
  type: 'test'
  ...
# Subtest: plan: production + RESEND_API_KEY → real delivery
ok 383 - plan: production + RESEND_API_KEY → real delivery
  ---
  duration_ms: 2.978291
  type: 'test'
  ...
# Subtest: plan: production without key → EXPLICIT reject 503 email_channel_disabled (F-01 CI gate)
ok 384 - plan: production without key → EXPLICIT reject 503 email_channel_disabled (F-01 CI gate)
  ---
  duration_ms: 0.195542
  type: 'test'
  ...
# Subtest: plan: development without key → deliver (dev log transport)
ok 385 - plan: development without key → deliver (dev log transport)
  ---
  duration_ms: 0.078709
  type: 'test'
  ...
# Subtest: plan: test env without key → deliver (dev log transport)
ok 386 - plan: test env without key → deliver (dev log transport)
  ---
  duration_ms: 0.05925
  type: 'test'
  ...
# Subtest: plan: AUTH_EXPOSE_DEMO_OTP on a NON-demo account does NOT expose the code
ok 387 - plan: AUTH_EXPOSE_DEMO_OTP on a NON-demo account does NOT expose the code
  ---
  duration_ms: 0.066458
  type: 'test'
  ...
# Subtest: plan: demo fallback (AUTH_EXPOSE_DEMO_OTP + is_demo) exposes the code even in production without a provider
ok 388 - plan: demo fallback (AUTH_EXPOSE_DEMO_OTP + is_demo) exposes the code even in production without a provider
  ---
  duration_ms: 0.055833
  type: 'test'
  ...
# Subtest: plan: demo fallback is OFF by default
ok 389 - plan: demo fallback is OFF by default
  ---
  duration_ms: 0.051375
  type: 'test'
  ...
# Subtest: plan: AUTH_DEV_EXPOSE_OTP is dev-only — ignored in production
ok 390 - plan: AUTH_DEV_EXPOSE_OTP is dev-only — ignored in production
  ---
  duration_ms: 0.0495
  type: 'test'
  ...
# Subtest: plan: AUTH_DEV_EXPOSE_OTP in development → expose (pre-existing test mechanism)
ok 391 - plan: AUTH_DEV_EXPOSE_OTP in development → expose (pre-existing test mechanism)
  ---
  duration_ms: 2.32375
  type: 'test'
  ...
# Subtest: plan(ADR 0009): production + switch on + email allowlisted → expose (no provider needed)
ok 392 - plan(ADR 0009): production + switch on + email allowlisted → expose (no provider needed)
  ---
  duration_ms: 2.899458
  type: 'test'
  ...
# Subtest: plan(ADR 0009): switch on but email NOT on the list → reject (no blanket exposure)
ok 393 - plan(ADR 0009): switch on but email NOT on the list → reject (no blanket exposure)
  ---
  duration_ms: 0.2215
  type: 'test'
  ...
# Subtest: plan(ADR 0009): email on the list but switch OFF → reject
ok 394 - plan(ADR 0009): email on the list but switch OFF → reject
  ---
  duration_ms: 0.154709
  type: 'test'
  ...
# Subtest: plan(ADR 0009): allowlist is OFF by default
ok 395 - plan(ADR 0009): allowlist is OFF by default
  ---
  duration_ms: 0.070167
  type: 'test'
  ...
# Subtest: plan(ADR 0009): a configured provider still wins over an unrelated allowlist miss
ok 396 - plan(ADR 0009): a configured provider still wins over an unrelated allowlist miss
  ---
  duration_ms: 0.704
  type: 'test'
  ...
# Subtest: plan(ADR 0009): demo branch is untouched by the new fields
ok 397 - plan(ADR 0009): demo branch is untouched by the new fields
  ---
  duration_ms: 0.208833
  type: 'test'
  ...
# Subtest: plan(ADR 0009): dev-expose branch takes precedence over the allowlist branch
ok 398 - plan(ADR 0009): dev-expose branch takes precedence over the allowlist branch
  ---
  duration_ms: 0.17125
  type: 'test'
  ...
# Subtest: selectEmailTransport: production + key → real Resend transport
ok 399 - selectEmailTransport: production + key → real Resend transport
  ---
  duration_ms: 0.169542
  type: 'test'
  ...
# Subtest: selectEmailTransport: development without key → dev otp.log transport
ok 400 - selectEmailTransport: development without key → dev otp.log transport
  ---
  duration_ms: 0.072083
  type: 'test'
  ...
# Subtest: selectEmailTransport: production without key → disabled (never dev log)
ok 401 - selectEmailTransport: production without key → disabled (never dev log)
  ---
  duration_ms: 0.054333
  type: 'test'
  ...
# Subtest: selectEmailTransport: development with key → real transport (key wins)
ok 402 - selectEmailTransport: development with key → real transport (key wins)
  ---
  duration_ms: 0.039083
  type: 'test'
  ...
# Subtest: disabled transport fails honestly with channel_disabled
ok 403 - disabled transport fails honestly with channel_disabled
  ---
  duration_ms: 0.071083
  type: 'test'
  ...
# Subtest: parseEmailAllowlist: trims, lowercases, drops empties and de-duplicates
ok 404 - parseEmailAllowlist: trims, lowercases, drops empties and de-duplicates
  ---
  duration_ms: 0.804666
  type: 'test'
  ...
# Subtest: parseEmailAllowlist: empty / whitespace-only / comma-only input → []
ok 405 - parseEmailAllowlist: empty / whitespace-only / comma-only input → []
  ---
  duration_ms: 0.081625
  type: 'test'
  ...
# Subtest: parseEmailAllowlist: preserves order of first appearance
ok 406 - parseEmailAllowlist: preserves order of first appearance
  ---
  duration_ms: 0.119625
  type: 'test'
  ...
# Subtest: isEmailAllowlisted: exact membership match
ok 407 - isEmailAllowlisted: exact membership match
  ---
  duration_ms: 0.253875
  type: 'test'
  ...
# Subtest: isEmailAllowlisted: operator formatting (case, spaces) still matches
ok 408 - isEmailAllowlisted: operator formatting (case, spaces) still matches
  ---
  duration_ms: 0.145375
  type: 'test'
  ...
# Subtest: isEmailAllowlisted: a different address does NOT match
ok 409 - isEmailAllowlisted: a different address does NOT match
  ---
  duration_ms: 0.142917
  type: 'test'
  ...
# Subtest: isEmailAllowlisted: empty list never matches (switch alone exposes nothing)
ok 410 - isEmailAllowlisted: empty list never matches (switch alone exposes nothing)
  ---
  duration_ms: 0.17675
  type: 'test'
  ...
# Subtest: isEmailAllowlisted: a different pepper never matches the same address
ok 411 - isEmailAllowlisted: a different pepper never matches the same address
  ---
  duration_ms: 0.819875
  type: 'test'
  ...
# Subtest: isEmailAllowlisted: a match later in the list is still found (full scan, no early exit)
ok 412 - isEmailAllowlisted: a match later in the list is still found (full scan, no early exit)
  ---
  duration_ms: 0.398167
  type: 'test'
  ...
# Subtest: warning: silent in development
ok 413 - warning: silent in development
  ---
  duration_ms: 0.569208
  type: 'test'
  ...
# Subtest: warning: silent in test
ok 414 - warning: silent in test
  ---
  duration_ms: 1.066333
  type: 'test'
  ...
# Subtest: warning: silent in production when the switch is off
ok 415 - warning: silent in production when the switch is off
  ---
  duration_ms: 0.128208
  type: 'test'
  ...
# Subtest: warning: fires in production with the switch on, exact text + count
ok 416 - warning: fires in production with the switch on, exact text + count
  ---
  duration_ms: 0.20175
  type: 'test'
  ...
# Subtest: warning: singular/plural is grammatical
ok 417 - warning: singular/plural is grammatical
  ---
  duration_ms: 0.090917
  type: 'test'
  ...
# Subtest: warning: text matches the runbook string verbatim
ok 418 - warning: text matches the runbook string verbatim
  ---
  duration_ms: 0.083542
  type: 'test'
  ...
# Subtest: createOtpExposureWarner: logs at most once per instance
ok 419 - createOtpExposureWarner: logs at most once per instance
  ---
  duration_ms: 0.177458
  type: 'test'
  ...
# Subtest: createOtpExposureWarner: a non-firing call does not consume the once-guard
ok 420 - createOtpExposureWarner: a non-firing call does not consume the once-guard
  ---
  duration_ms: 0.122125
  type: 'test'
  ...
# Subtest: createOtpExposureWarner: fresh instances are independent
ok 421 - createOtpExposureWarner: fresh instances are independent
  ---
  duration_ms: 0.297916
  type: 'test'
  ...
# Subtest: warnIfOtpExposureOnProduction: warns once per process and never prints addresses
ok 422 - warnIfOtpExposureOnProduction: warns once per process and never prints addresses
  ---
  duration_ms: 0.392708
  type: 'test'
  ...
# Subtest: otp hash: deterministic for the same code and pepper
ok 423 - otp hash: deterministic for the same code and pepper
  ---
  duration_ms: 0.650125
  type: 'test'
  ...
# Subtest: otp hash: different codes produce different hashes
ok 424 - otp hash: different codes produce different hashes
  ---
  duration_ms: 0.113667
  type: 'test'
  ...
# Subtest: otp hash: different peppers produce different hashes
ok 425 - otp hash: different peppers produce different hashes
  ---
  duration_ms: 0.122708
  type: 'test'
  ...
# Subtest: otp hash: output is a 64-char hex digest (HMAC-SHA256), never the plaintext code
ok 426 - otp hash: output is a 64-char hex digest (HMAC-SHA256), never the plaintext code
  ---
  duration_ms: 0.163
  type: 'test'
  ...
# Subtest: otp hash: leading zeros are significant
ok 427 - otp hash: leading zeros are significant
  ---
  duration_ms: 5.955458
  type: 'test'
  ...
# Subtest: otp code generation: always 6 digits, zero-padded
ok 428 - otp code generation: always 6 digits, zero-padded
  ---
  duration_ms: 5.492208
  type: 'test'
  ...
# Subtest: otp code generation: covers the full range over many samples
ok 429 - otp code generation: covers the full range over many samples
  ---
  duration_ms: 8.544
  type: 'test'
  ...
# Subtest: timing safe compare: equal and unequal hex strings
ok 430 - timing safe compare: equal and unequal hex strings
  ---
  duration_ms: 0.596834
  type: 'test'
  ...
# Subtest: backoff: attempt 1 with zero jitter is exactly 5s
ok 431 - backoff: attempt 1 with zero jitter is exactly 5s
  ---
  duration_ms: 2.497
  type: 'test'
  ...
# Subtest: backoff: attempt 3 with zero jitter is 45s
ok 432 - backoff: attempt 3 with zero jitter is 45s
  ---
  duration_ms: 0.089125
  type: 'test'
  ...
# Subtest: backoff: jitter stays within 0..2.5s
ok 433 - backoff: jitter stays within 0..2.5s
  ---
  duration_ms: 0.06725
  type: 'test'
  ...
# Subtest: backoff: non-positive attempt clamps to 1
ok 434 - backoff: non-positive attempt clamps to 1
  ---
  duration_ms: 0.056917
  type: 'test'
  ...
# Subtest: backoff: grows monotonically with attempt number
ok 435 - backoff: grows monotonically with attempt number
  ---
  duration_ms: 0.183209
  type: 'test'
  ...
# Subtest: unknown cap: exactly 3 tries before terminal unknown (AC-42 contract)
ok 436 - unknown cap: exactly 3 tries before terminal unknown (AC-42 contract)
  ---
  duration_ms: 5.151416
  type: 'test'
  ...
# Subtest: registry: rows match the §A3 table exactly, in table order
ok 437 - registry: rows match the §A3 table exactly, in table order
  ---
  duration_ms: 1.18425
  type: 'test'
  ...
# Subtest: registry: every i18n-keyed step exists in all three dictionaries
ok 438 - registry: every i18n-keyed step exists in all three dictionaries
  ---
  duration_ms: 0.321208
  type: 'test'
  ...
# Subtest: registry: direction is exactly what the capability set implies
ok 439 - registry: direction is exactly what the capability set implies
  ---
  duration_ms: 0.175375
  type: 'test'
  ...
# Subtest: registry: providerById resolves registered ids and rejects unregistered ones
ok 440 - registry: providerById resolves registered ids and rejects unregistered ones
  ---
  duration_ms: 0.070584
  type: 'test'
  ...
# Subtest: registry: every UI label derived from a registry id exists in EN/RU/ES
ok 441 - registry: every UI label derived from a registry id exists in EN/RU/ES
  ---
  duration_ms: 0.3455
  type: 'test'
  ...
# Subtest: resolver: a live env-gated provider without its variable is disabled + not_configured
ok 442 - resolver: a live env-gated provider without its variable is disabled + not_configured
  ---
  duration_ms: 0.147458
  type: 'test'
  ...
# Subtest: resolver: the env-gated providers are telegram, email and the two Google rows
ok 443 - resolver: the env-gated providers are telegram, email and the two Google rows
  ---
  duration_ms: 0.188666
  type: 'test'
  ...
# Subtest: resolver: the Google rows flip live/disabled on the OAuth client pair alone
ok 444 - resolver: the Google rows flip live/disabled on the OAuth client pair alone
  ---
  duration_ms: 0.091083
  type: 'test'
  ...
# Subtest: resolver: planned and disabled are design states — configuration cannot flip them
ok 445 - resolver: planned and disabled are design states — configuration cannot flip them
  ---
  duration_ms: 0.284542
  type: 'test'
  ...
# Subtest: resolver: processEnvLookup treats unset and blank variables as missing
ok 446 - resolver: processEnvLookup treats unset and blank variables as missing
  ---
  duration_ms: 0.382
  type: 'test'
  ...
# Subtest: payload: exposes exactly the allowlisted fields and never an env VALUE
ok 447 - payload: exposes exactly the allowlisted fields and never an env VALUE
  ---
  duration_ms: 0.355959
  type: 'test'
  ...
# Subtest: takeFromBucket: a fresh bucket starts full and drains one token per take
ok 448 - takeFromBucket: a fresh bucket starts full and drains one token per take
  ---
  duration_ms: 0.622542
  type: 'test'
  ...
# Subtest: takeFromBucket: tokens refill linearly with the injected clock
ok 449 - takeFromBucket: tokens refill linearly with the injected clock
  ---
  duration_ms: 0.108083
  type: 'test'
  ...
# Subtest: takeFromBucket: refill never exceeds capacity
ok 450 - takeFromBucket: refill never exceeds capacity
  ---
  duration_ms: 0.126041
  type: 'test'
  ...
# Subtest: consumeIpToken: same ip+route drains, other routes and ips are isolated
ok 451 - consumeIpToken: same ip+route drains, other routes and ips are isolated
  ---
  duration_ms: 0.147917
  type: 'test'
  ...
# Subtest: consumeSubjectToken: drains per account and stays isolated from ips and other routes
ok 452 - consumeSubjectToken: drains per account and stays isolated from ips and other routes
  ---
  duration_ms: 0.17425
  type: 'test'
  ...
# Subtest: otp capacity: default is 10 and production can never raise it
ok 453 - otp capacity: default is 10 and production can never raise it
  ---
  duration_ms: 0.095958
  type: 'test'
  ...
# Subtest: reason codes: the vocabulary is exactly the six documented facts
ok 454 - reason codes: the vocabulary is exactly the six documented facts
  ---
  duration_ms: 0.836041
  type: 'test'
  ...
# Subtest: formatReason: intent codes interpolate the resolved need goal
ok 455 - formatReason: intent codes interpolate the resolved need goal
  ---
  duration_ms: 0.279541
  type: 'test'
  ...
# Subtest: formatReason: interests join in catalogue order, tags stay raw user text
ok 456 - formatReason: interests join in catalogue order, tags stay raw user text
  ---
  duration_ms: 0.116333
  type: 'test'
  ...
# Subtest: formatReason: function and industry resolve through the catalogue
ok 457 - formatReason: function and industry resolve through the catalogue
  ---
  duration_ms: 3.788958
  type: 'test'
  ...
# Subtest: formatReason: a missing param or unknown code degrades instead of throwing
ok 458 - formatReason: a missing param or unknown code degrades instead of throwing
  ---
  duration_ms: 4.783792
  type: 'test'
  ...
# Subtest: formatReasons: drops empty renderings, keeps order
ok 459 - formatReasons: drops empty renderings, keeps order
  ---
  duration_ms: 2.236208
  type: 'test'
  ...
# Subtest: reason templates: every code has a template in every locale, per audience
ok 460 - reason templates: every code has a template in every locale, per audience
  ---
  duration_ms: 0.310833
  type: 'test'
  ...
# Subtest: reason templates: the two audiences cannot render the same sentence by accident
ok 461 - reason templates: the two audiences cannot render the same sentence by accident
  ---
  duration_ms: 0.236041
  type: 'test'
  ...
# Subtest: reason templates: localized, not English copies
ok 462 - reason templates: localized, not English copies
  ---
  duration_ms: 0.287375
  type: 'test'
  ...
# Subtest: formatReason: rendering reuses the same templates for all three locales
ok 463 - formatReason: rendering reuses the same templates for all three locales
  ---
  duration_ms: 4.867667
  type: 'test'
  ...
# Subtest: v4 codes: every code belongs to exactly one line
ok 464 - v4 codes: every code belongs to exactly one line
  ---
  duration_ms: 0.951
  type: 'test'
  ...
# Subtest: v4 builders: line 1 is ordered by specificity and capped at three
ok 465 - v4 builders: line 1 is ordered by specificity and capped at three
  ---
  duration_ms: 0.193167
  type: 'test'
  ...
# Subtest: v4 builders: line 1 falls back to facts, and functions before industry-only
ok 466 - v4 builders: line 1 falls back to facts, and functions before industry-only
  ---
  duration_ms: 0.431417
  type: 'test'
  ...
# Subtest: v4 builders: line 2 teaches first, then asks for help, then the new circle
ok 467 - v4 builders: line 2 teaches first, then asks for help, then the new circle
  ---
  duration_ms: 0.329166
  type: 'test'
  ...
# Subtest: v4 rendering: labels are resolved through the caller, and a blank fact drops the sentence
ok 468 - v4 rendering: labels are resolved through the caller, and a blank fact drops the sentence
  ---
  duration_ms: 0.321417
  type: 'test'
  ...
# Subtest: v4 rendering: the peer sentence is template-only, and both codes stay on their line
ok 469 - v4 rendering: the peer sentence is template-only, and both codes stay on their line
  ---
  duration_ms: 0.124458
  type: 'test'
  ...
# Subtest: v4 i18n: every code has a template in EN/RU/ES
ok 470 - v4 i18n: every code has a template in EN/RU/ES
  ---
  duration_ms: 0.321333
  type: 'test'
  ...
# Subtest: v4 i18n: the mode switcher and the exclusion explanations exist in EN/RU/ES
ok 471 - v4 i18n: the mode switcher and the exclusion explanations exist in EN/RU/ES
  ---
  duration_ms: 0.161791
  type: 'test'
  ...
# Subtest: channel: active telegram binding wins over an available email
ok 472 - channel: active telegram binding wins over an available email
  ---
  duration_ms: 0.880958
  type: 'test'
  ...
# Subtest: channel: active binding without consent is suppressed, never downgraded to email
ok 473 - channel: active binding without consent is suppressed, never downgraded to email
  ---
  duration_ms: 0.077541
  type: 'test'
  ...
# Subtest: channel: revoked/blocked bindings stay terminal even with an email on file
ok 474 - channel: revoked/blocked bindings stay terminal even with an email on file
  ---
  duration_ms: 0.062958
  type: 'test'
  ...
# Subtest: channel: no binding + email + consent → email
ok 475 - channel: no binding + email + consent → email
  ---
  duration_ms: 0.0555
  type: 'test'
  ...
# Subtest: channel: no binding + email + no consent → consent_revoked
ok 476 - channel: no binding + email + no consent → consent_revoked
  ---
  duration_ms: 0.167584
  type: 'test'
  ...
# Subtest: channel: no binding + no email → no_channel regardless of consent
ok 477 - channel: no binding + no email → no_channel regardless of consent
  ---
  duration_ms: 0.123584
  type: 'test'
  ...
# Subtest: channel: jobs that do not opt into consent still use email
ok 478 - channel: jobs that do not opt into consent still use email
  ---
  duration_ms: 0.05125
  type: 'test'
  ...
# Subtest: channel: a binding state that is neither active nor revoked/blocked is treated as absent
ok 479 - channel: a binding state that is neither active nor revoked/blocked is treated as absent
  ---
  duration_ms: 0.052459
  type: 'test'
  ...
# Subtest: safeNextPath: plain in-app paths pass
ok 480 - safeNextPath: plain in-app paths pass
  ---
  duration_ms: 0.480167
  type: 'test'
  ...
# Subtest: safeNextPath: off-site and protocol-relative targets rejected
ok 481 - safeNextPath: off-site and protocol-relative targets rejected
  ---
  duration_ms: 0.083791
  type: 'test'
  ...
# Subtest: safeNextPath: backslash bypasses are rejected (F-10)
ok 482 - safeNextPath: backslash bypasses are rejected (F-10)
  ---
  duration_ms: 0.062416
  type: 'test'
  ...
# Subtest: safeNextPath: non-strings rejected
ok 483 - safeNextPath: non-strings rejected
  ---
  duration_ms: 0.111792
  type: 'test'
  ...
# Subtest: revision: matching revision is accepted and bumped
ok 484 - revision: matching revision is accepted and bumped
  ---
  duration_ms: 0.856792
  type: 'test'
  ...
# Subtest: revision: stale revision is a conflict carrying the current revision
ok 485 - revision: stale revision is a conflict carrying the current revision
  ---
  duration_ms: 0.083125
  type: 'test'
  ...
# Subtest: revision: missing or malformed revision is a conflict (route turns missing into 400)
ok 486 - revision: missing or malformed revision is a conflict (route turns missing into 400)
  ---
  duration_ms: 0.181958
  type: 'test'
  ...
# Subtest: profile validation: minimal valid body with tag normalization
ok 487 - profile validation: minimal valid body with tag normalization
  ---
  duration_ms: 0.818333
  type: 'test'
  ...
# Subtest: profile validation: rejects bad bodies
ok 488 - profile validation: rejects bad bodies
  ---
  duration_ms: 1.683292
  type: 'test'
  ...
# Subtest: contact validation: whitelisted kinds, boolean public_enabled
ok 489 - contact validation: whitelisted kinds, boolean public_enabled
  ---
  duration_ms: 0.208875
  type: 'test'
  ...
# Subtest: vcard: header/footer, CRLF endings, public contacts only
ok 490 - vcard: header/footer, CRLF endings, public contacts only
  ---
  duration_ms: 1.132
  type: 'test'
  ...
# Subtest: vcard: multi-line display name cannot inject properties
ok 491 - vcard: multi-line display name cannot inject properties
  ---
  duration_ms: 0.09625
  type: 'test'
  ...
# Subtest: service notices: every kind renders a subject and a body with the app link (EN default)
ok 492 - service notices: every kind renders a subject and a body with the app link (EN default)
  ---
  duration_ms: 0.7815
  type: 'test'
  ...
# Subtest: service notices: a trailing slash on APP_BASE_URL never doubles in the link
ok 493 - service notices: a trailing slash on APP_BASE_URL never doubles in the link
  ---
  duration_ms: 0.122667
  type: 'test'
  ...
# Subtest: service notices: bodies carry no contact values, no handles and no names
ok 494 - service notices: bodies carry no contact values, no handles and no names
  ---
  duration_ms: 0.3745
  type: 'test'
  ...
# Subtest: service notices: the declined/withdrawn bodies disclose no cause and no blame
ok 495 - service notices: the declined/withdrawn bodies disclose no cause and no blame
  ---
  duration_ms: 0.180416
  type: 'test'
  ...
# Subtest: service notices: the completed/declined notices never name a side or a party
ok 496 - service notices: the completed/declined notices never name a side or a party
  ---
  duration_ms: 0.198875
  type: 'test'
  ...
# Subtest: service notices: the requested notice never names the initiator (unlike the chat body)
ok 497 - service notices: the requested notice never names the initiator (unlike the chat body)
  ---
  duration_ms: 0.088625
  type: 'test'
  ...
# Subtest: service notices: locales render different copy for the same kind
ok 498 - service notices: locales render different copy for the same kind
  ---
  duration_ms: 0.142208
  type: 'test'
  ...
# Subtest: service notice kinds are recognised only from the closed registry
ok 499 - service notice kinds are recognised only from the closed registry
  ---
  duration_ms: 0.069125
  type: 'test'
  ...
# Subtest: campaign email subject is neutral and locale-dependent
ok 500 - campaign email subject is neutral and locale-dependent
  ---
  duration_ms: 0.318
  type: 'test'
  ...
# Subtest: landing metadata: advertises the canonical origin, not the deploy host
ok 501 - landing metadata: advertises the canonical origin, not the deploy host
  ---
  duration_ms: 1.796084
  type: 'test'
  ...
# Subtest: landing metadata: title and description are the dictionary copy in every locale
ok 502 - landing metadata: title and description are the dictionary copy in every locale
  ---
  duration_ms: 0.688334
  type: 'test'
  ...
# Subtest: landing metadata: the share copy is free of uninterpolated placeholders
ok 503 - landing metadata: the share copy is free of uninterpolated placeholders
  ---
  duration_ms: 0.226292
  type: 'test'
  ...
# Subtest: landing metadata: blank or placeholder copy throws instead of shipping
ok 504 - landing metadata: blank or placeholder copy throws instead of shipping
  ---
  duration_ms: 0.261042
  type: 'test'
  ...
# Subtest: landing metadata: whitespace in the copy is collapsed, never published raw
ok 505 - landing metadata: whitespace in the copy is collapsed, never published raw
  ---
  duration_ms: 0.089834
  type: 'test'
  ...
# Subtest: canonicalUrl: joins paths onto the configured origin without doubling slashes
ok 506 - canonicalUrl: joins paths onto the configured origin without doubling slashes
  ---
  duration_ms: 0.074792
  type: 'test'
  ...
# Subtest: share: four networks, in display order
ok 507 - share: four networks, in display order
  ---
  duration_ms: 2.309042
  type: 'test'
  ...
# Subtest: share: every network produces an https deeplink on its own domain
ok 508 - share: every network produces an https deeplink on its own domain
  ---
  duration_ms: 0.251167
  type: 'test'
  ...
# Subtest: share: the target URL round-trips through the query string
ok 509 - share: the target URL round-trips through the query string
  ---
  duration_ms: 0.201209
  type: 'test'
  ...
# Subtest: share: a blank title degrades to a link-only deeplink
ok 510 - share: a blank title degrades to a link-only deeplink
  ---
  duration_ms: 0.089208
  type: 'test'
  ...
# Subtest: share: a non-http(s) or relative value yields no link at all
ok 511 - share: a non-http(s) or relative value yields no link at all
  ---
  duration_ms: 0.198042
  type: 'test'
  ...
# Subtest: public slug: base64url alphabet, exactly 22 chars (>= 128-bit entropy)
ok 512 - public slug: base64url alphabet, exactly 22 chars (>= 128-bit entropy)
  ---
  duration_ms: 1.312208
  type: 'test'
  ...
# Subtest: public slug: 2000 generations are unique (collision-free sample)
ok 513 - public slug: 2000 generations are unique (collision-free sample)
  ---
  duration_ms: 7.644542
  type: 'test'
  ...
# Subtest: public slug: decodes to 16 bytes (128 bits)
ok 514 - public slug: decodes to 16 bytes (128 bits)
  ---
  duration_ms: 0.106542
  type: 'test'
  ...
# Subtest: public slug: satisfies the profiles CHECK (char_length >= 22)
ok 515 - public slug: satisfies the profiles CHECK (char_length >= 22)
  ---
  duration_ms: 0.092708
  type: 'test'
  ...
# Subtest: public slug: contains no URL-unsafe characters
ok 516 - public slug: contains no URL-unsafe characters
  ---
  duration_ms: 0.399958
  type: 'test'
  ...
# Subtest: static safety: no dangerouslySetInnerHTML anywhere in src/
ok 517 - static safety: no dangerouslySetInnerHTML anywhere in src/
  ---
  duration_ms: 80.2315
  type: 'test'
  ...
# Subtest: static safety: no eval( or new Function( anywhere in src/
ok 518 - static safety: no eval( or new Function( anywhere in src/
  ---
  duration_ms: 50.880959
  type: 'test'
  ...
# Subtest: static safety: fetch( targets stay within the outbound allowlist
ok 519 - static safety: fetch( targets stay within the outbound allowlist
  ---
  duration_ms: 47.240542
  type: 'test'
  ...
# Subtest: picker: the shipped catalogue parses and carries the enforced limits
ok 520 - picker: the shipped catalogue parses and carries the enforced limits
  ---
  duration_ms: 2.845333
  type: 'test'
  ...
# Subtest: picker: parseCatalog rejects unusable payloads instead of half-rendering
ok 521 - picker: parseCatalog rejects unusable payloads instead of half-rendering
  ---
  duration_ms: 0.241791
  type: 'test'
  ...
# Subtest: picker: intent sides expose both the chip label and the reason goal
ok 522 - picker: intent sides expose both the chip label and the reason goal
  ---
  duration_ms: 0.245958
  type: 'test'
  ...
# Subtest: picker: limits are per axis and never silently exceeded
ok 523 - picker: limits are per axis and never silently exceeded
  ---
  duration_ms: 0.431708
  type: 'test'
  ...
# Subtest: picker: toggle is idempotent per id and preserves order
ok 524 - picker: toggle is idempotent per id and preserves order
  ---
  duration_ms: 0.155625
  type: 'test'
  ...
# Subtest: picker: keywords normalize like the API and enforce both limits
ok 525 - picker: keywords normalize like the API and enforce both limits
  ---
  duration_ms: 0.159875
  type: 'test'
  ...
# Subtest: picker: chip search matches labels and ids, case-insensitively
ok 526 - picker: chip search matches labels and ids, case-insensitively
  ---
  duration_ms: 0.170459
  type: 'test'
  ...
# Subtest: picker: interests are grouped, and an empty group disappears while searching
ok 527 - picker: interests are grouped, and an empty group disappears while searching
  ---
  duration_ms: 0.249416
  type: 'test'
  ...
# Subtest: picker: labels fall back to EN for a locale the catalogue does not carry
ok 528 - picker: labels fall back to EN for a locale the catalogue does not carry
  ---
  duration_ms: 0.309666
  type: 'test'
  ...
# Subtest: picker: stored ids resolve to labels, unknown ids degrade to the raw id
ok 529 - picker: stored ids resolve to labels, unknown ids degrade to the raw id
  ---
  duration_ms: 0.39175
  type: 'test'
  ...
# Subtest: picker: reason labels resolve need goals, interests, functions and industries
ok 530 - picker: reason labels resolve need goals, interests, functions and industries
  ---
  duration_ms: 0.241417
  type: 'test'
  ...
# Subtest: picker: itemsFor returns every catalogue entry in catalogue order
ok 531 - picker: itemsFor returns every catalogue entry in catalogue order
  ---
  duration_ms: 0.112459
  type: 'test'
  ...
# Subtest: picker: an empty catalogue degrades gracefully (no throw, empty lists)
ok 532 - picker: an empty catalogue degrades gracefully (no throw, empty lists)
  ---
  duration_ms: 0.048916
  type: 'test'
  ...
# Subtest: taxonomy: 16 intent pairs, 32 unique side ids, valid kinds
ok 533 - taxonomy: 16 intent pairs, 32 unique side ids, valid kinds
  ---
  duration_ms: 0.699292
  type: 'test'
  ...
# Subtest: taxonomy: complementOf is symmetric and null for unknown ids
ok 534 - taxonomy: complementOf is symmetric and null for unknown ids
  ---
  duration_ms: 0.158542
  type: 'test'
  ...
# Subtest: taxonomy: every label is non-empty in RU and EN
ok 535 - taxonomy: every label is non-empty in RU and EN
  ---
  duration_ms: 0.275709
  type: 'test'
  ...
# Subtest: taxonomy: interests are unique, grouped, and each group is used
ok 536 - taxonomy: interests are unique, grouped, and each group is used
  ---
  duration_ms: 0.175792
  type: 'test'
  ...
# Subtest: taxonomy: an alias string is never declared by two interests
ok 537 - taxonomy: an alias string is never declared by two interests
  ---
  duration_ms: 0.294958
  type: 'test'
  ...
# Subtest: normalizeInterest: canonical ids, RU/EN aliases and legacy v1 ids resolve
ok 538 - normalizeInterest: canonical ids, RU/EN aliases and legacy v1 ids resolve
  ---
  duration_ms: 2.469875
  type: 'test'
  ...
# Subtest: normalizeKeyword: trims, lowercases, collapses whitespace, truncates over-long input
ok 539 - normalizeKeyword: trims, lowercases, collapses whitespace, truncates over-long input
  ---
  duration_ms: 0.138166
  type: 'test'
  ...
# Subtest: intent tag resolution: lenient flips sides, strict rejects the wrong side
ok 540 - intent tag resolution: lenient flips sides, strict rejects the wrong side
  ---
  duration_ms: 0.113542
  type: 'test'
  ...
# Subtest: validators: intents — defaults, dedupe, limits, wrong-side and unknown ids
ok 541 - validators: intents — defaults, dedupe, limits, wrong-side and unknown ids
  ---
  duration_ms: 1.017625
  type: 'test'
  ...
# Subtest: validators: interests enforce the catalogue and MAX_INTERESTS
ok 542 - validators: interests enforce the catalogue and MAX_INTERESTS
  ---
  duration_ms: 0.497333
  type: 'test'
  ...
# Subtest: validators: keywords — MAX_KEYWORDS, length cap, normalization
ok 543 - validators: keywords — MAX_KEYWORDS, length cap, normalization
  ---
  duration_ms: 0.180792
  type: 'test'
  ...
# Subtest: validators: job_function / industry accept prefer-not-to-say → null
ok 544 - validators: job_function / industry accept prefer-not-to-say → null
  ---
  duration_ms: 0.1215
  type: 'test'
  ...
# Subtest: taxonomyPayload: shaped for GET /api/taxonomy with both locales at once
ok 545 - taxonomyPayload: shaped for GET /api/taxonomy with both locales at once
  ---
  duration_ms: 0.218291
  type: 'test'
  ...
# Subtest: selectTransport: production without token → disabled (never mock)
ok 546 - selectTransport: production without token → disabled (never mock)
  ---
  duration_ms: 0.601958
  type: 'test'
  ...
# Subtest: selectTransport: production with TELEGRAM_MOCK=1 → STILL disabled (mock gate)
ok 547 - selectTransport: production with TELEGRAM_MOCK=1 → STILL disabled (mock gate)
  ---
  duration_ms: 0.245584
  type: 'test'
  ...
# Subtest: selectTransport: dev + TELEGRAM_MOCK=1 → mock
ok 548 - selectTransport: dev + TELEGRAM_MOCK=1 → mock
  ---
  duration_ms: 13.148292
  type: 'test'
  ...
# Subtest: selectTransport: TELEGRAM_BOT_TOKEN set → real transport regardless of mock flag
ok 549 - selectTransport: TELEGRAM_BOT_TOKEN set → real transport regardless of mock flag
  ---
  duration_ms: 0.118375
  type: 'test'
  ...
# Subtest: selectTransport: dev without token and without mock → disabled, never silent drop
ok 550 - selectTransport: dev without token and without mock → disabled, never silent drop
  ---
  duration_ms: 0.551917
  type: 'test'
  ...
# Subtest: gate: mock transport is never statically imported outside tests
ok 551 - gate: mock transport is never statically imported outside tests
  ---
  duration_ms: 41.998625
  type: 'test'
  ...
# Subtest: gate: index.ts contains the dev-only mock condition
ok 552 - gate: index.ts contains the dev-only mock condition
  ---
  duration_ms: 0.177042
  type: 'test'
  ...
# Subtest: mock transport: no script → every send succeeds with a stable message id
ok 553 - mock transport: no script → every send succeeds with a stable message id
  ---
  duration_ms: 0.126459
  type: 'test'
  ...
# Subtest: mock transport: scripted outcomes are consumed FIFO
ok 554 - mock transport: scripted outcomes are consumed FIFO
  ---
  duration_ms: 0.45575
  type: 'test'
  ...
# Subtest: transport: 2xx ok:true → sent with provider message id
ok 555 - transport: 2xx ok:true → sent with provider message id
  ---
  duration_ms: 33.702292
  type: 'test'
  ...
# Subtest: transport: request goes to the Bot API sendMessage with chat_id+text, no parse_mode
ok 556 - transport: request goes to the Bot API sendMessage with chat_id+text, no parse_mode
  ---
  duration_ms: 0.34275
  type: 'test'
  ...
# Subtest: transport: 429 with Retry-After → rate_limited + retryAfterSeconds (AC-43 input)
ok 557 - transport: 429 with Retry-After → rate_limited + retryAfterSeconds (AC-43 input)
  ---
  duration_ms: 2.636542
  type: 'test'
  ...
# Subtest: transport: 429 without Retry-After header → rate_limited, no seconds
ok 558 - transport: 429 without Retry-After header → rate_limited, no seconds
  ---
  duration_ms: 0.325917
  type: 'test'
  ...
# Subtest: transport: permanent 4xx → failed, no retry
ok 559 - transport: permanent 4xx → failed, no retry
  ---
  duration_ms: 1.552
  type: 'test'
  ...
# Subtest: transport: 5xx → unknown (retryable)
ok 560 - transport: 5xx → unknown (retryable)
  ---
  duration_ms: 0.819916
  type: 'test'
  ...
# Subtest: transport: network failure → unknown network_error
ok 561 - transport: network failure → unknown network_error
  ---
  duration_ms: 0.6155
  type: 'test'
  ...
# Subtest: transport: timeout after send → unknown timeout (AC-42 input)
ok 562 - transport: timeout after send → unknown timeout (AC-42 input)
  ---
  duration_ms: 0.119084
  type: 'test'
  ...
# Subtest: transport: 200 with ok:false (no message id) → failed, not silent success
ok 563 - transport: 200 with ok:false (no message id) → failed, not silent success
  ---
  duration_ms: 0.602542
  type: 'test'
  ...
# Subtest: totp: RFC 6238 SHA1 vectors (8 digits)
ok 564 - totp: RFC 6238 SHA1 vectors (8 digits)
  ---
  duration_ms: 0.896042
  type: 'test'
  ...
# Subtest: totp: RFC 6238 SHA256 vectors (8 digits)
ok 565 - totp: RFC 6238 SHA256 vectors (8 digits)
  ---
  duration_ms: 0.37825
  type: 'test'
  ...
# Subtest: totp: 6-digit code is the low 6 digits of the 8-digit value
ok 566 - totp: 6-digit code is the low 6 digits of the 8-digit value
  ---
  duration_ms: 0.08375
  type: 'test'
  ...
# Subtest: totp: verify accepts the current code and ±1 step, rejects beyond
ok 567 - totp: verify accepts the current code and ±1 step, rejects beyond
  ---
  duration_ms: 0.34475
  type: 'test'
  ...
# Subtest: totp: verify rejects malformed and wrong codes
ok 568 - totp: verify rejects malformed and wrong codes
  ---
  duration_ms: 0.115459
  type: 'test'
  ...
# Subtest: totp: generated secrets round-trip through base32
ok 569 - totp: generated secrets round-trip through base32
  ---
  duration_ms: 0.568375
  type: 'test'
  ...
# Subtest: base32: RFC 4648 vectors (unpadded)
ok 570 - base32: RFC 4648 vectors (unpadded)
  ---
  duration_ms: 1.053875
  type: 'test'
  ...
# Subtest: recovery codes: shape, uniqueness, normalization and hashing
ok 571 - recovery codes: shape, uniqueness, normalization and hashing
  ---
  duration_ms: 2.991
  type: 'test'
  ...
# Subtest: otpauth URI: spec F-03 format
ok 572 - otpauth URI: spec F-03 format
  ---
  duration_ms: 0.4255
  type: 'test'
  ...
# Subtest: telegram update: valid message update parsed to minimal redacted payload
ok 573 - telegram update: valid message update parsed to minimal redacted payload
  ---
  duration_ms: 0.860084
  type: 'test'
  ...
# Subtest: telegram update: non-message update accepted with minimal payload (no processing)
ok 574 - telegram update: non-message update accepted with minimal payload (no processing)
  ---
  duration_ms: 0.073
  type: 'test'
  ...
# Subtest: telegram update: message without from and text (channel post shape) is valid
ok 575 - telegram update: message without from and text (channel post shape) is valid
  ---
  duration_ms: 0.068125
  type: 'test'
  ...
# Subtest: telegram update: invalid bodies fail closed with specific codes
ok 576 - telegram update: invalid bodies fail closed with specific codes
  ---
  duration_ms: 0.146792
  type: 'test'
  ...
# Subtest: secureSecretEqual: equal secrets match
ok 577 - secureSecretEqual: equal secrets match
  ---
  duration_ms: 0.192958
  type: 'test'
  ...
# Subtest: secureSecretEqual: different values and lengths never match, never throw
ok 578 - secureSecretEqual: different values and lengths never match, never throw
  ---
  duration_ms: 0.148708
  type: 'test'
  ...
1..578
# tests 578
# suites 0
# pass 578
# fail 0
# cancelled 0
# skipped 0
# todo 0
# duration_ms 1841.719542


== pnpm test:integration exit=0 duration=25s ==

> welcome-p0@0.1.0 test:integration /Users/nikiti4/.openclaw-autoclaw/workspace/welcome
> node scripts/run-integration.mjs

{
  severity_local: 'NOTICE',
  severity: 'NOTICE',
  code: '00000',
  message: 'drop cascades to 37 other objects',
  detail: 'drop cascades to table schema_migrations\n' +
    'drop cascades to extension pgcrypto\n' +
    'drop cascades to table accounts\n' +
    'drop cascades to table profiles\n' +
    'drop cascades to table contact_fields\n' +
    'drop cascades to table organizers\n' +
    'drop cascades to table organizer_members\n' +
    'drop cascades to table events\n' +
    'drop cascades to table registrations\n' +
    'drop cascades to table event_memberships\n' +
    'drop cascades to table channel_bindings\n' +
    'drop cascades to table link_challenges\n' +
    'drop cascades to table consent_events\n' +
    'drop cascades to table introductions\n' +
    'drop cascades to table introduction_consents\n' +
    'drop cascades to table connection_notes\n' +
    'drop cascades to table campaigns\n' +
    'drop cascades to table inbox_events\n' +
    'drop cascades to table outbox_jobs\n' +
    'drop cascades to table delivery_attempts\n' +
    'drop cascades to table audit_events\n' +
    'drop cascades to table sessions\n' +
    'drop cascades to table auth_otp_codes\n' +
    'drop cascades to table worker_heartbeat\n' +
    'drop cascades to table blocks\n' +
    'drop cascades to table reports\n' +
    'drop cascades to table campaign_audience\n' +
    'drop cascades to table join_attempts\n' +
    'drop cascades to table otp_verify_failures\n' +
    'drop cascades to table mfa_credentials\n' +
    'drop cascades to table mfa_recovery_codes\n' +
    'drop cascades to table mfa_verify_failures\n' +
    'drop cascades to table enrichment_requests\n' +
    'drop cascades to table followup_preferences\n' +
    'drop cascades to table digest_sends\n' +
    'drop cascades to table oauth_grants\n' +
    'drop cascades to table oauth_flow_states',
  file: 'dependency.c',
  line: '1227',
  routine: 'reportDependentObjects'
}
TAP version 13
# Subtest: OTP request: unknown and known emails produce an identical response shape
ok 1 - OTP request: unknown and known emails produce an identical response shape
  ---
  duration_ms: 49.129333
  type: 'test'
  ...
# Subtest: OTP verify: wrong code for unknown and known emails yields identical 401 bodies
ok 2 - OTP verify: wrong code for unknown and known emails yields identical 401 bodies
  ---
  duration_ms: 29.58025
  type: 'test'
  ...
# Subtest: profile public API: unknown slug and deactivated account return the same generic 404
ok 3 - profile public API: unknown slug and deactivated account return the same generic 404
  ---
  duration_ms: 33.131792
  type: 'test'
  ...
# Subtest: otp request: exposes devCode only when AUTH_DEV_EXPOSE_OTP=true; response always ok:true
ok 4 - otp request: exposes devCode only when AUTH_DEV_EXPOSE_OTP=true; response always ok:true
  ---
  duration_ms: 47.011833
  type: 'test'
  ...
# Subtest: otp request: without the flag the code is NOT returned and lands in .runtime/otp.log
ok 5 - otp request: without the flag the code is NOT returned and lands in .runtime/otp.log
  ---
  duration_ms: 8.129625
  type: 'test'
  ...
# Subtest: otp verify: wrong code 5 times invalidates the OTP, then even the right code fails
ok 6 - otp verify: wrong code 5 times invalidates the OTP, then even the right code fails
  ---
  duration_ms: 41.621583
  type: 'test'
  ...
# Subtest: otp verify: success sets HttpOnly SameSite=Lax welcome_session cookie and creates a working session
ok 7 - otp verify: success sets HttpOnly SameSite=Lax welcome_session cookie and creates a working session
  ---
  duration_ms: 16.24025
  type: 'test'
  ...
# Subtest: otp verify: cookie flags are HttpOnly, SameSite=Lax; secure only in production
ok 8 - otp verify: cookie flags are HttpOnly, SameSite=Lax; secure only in production
  ---
  duration_ms: 8.878083
  type: 'test'
  ...
# Subtest: otp verify: unknown email and wrong code produce identical responses (enumeration-safe)
ok 9 - otp verify: unknown email and wrong code produce identical responses (enumeration-safe)
  ---
  duration_ms: 1.902125
  type: 'test'
  ...
# Subtest: otp request: rate limited after 3 codes per 15 minutes per account
ok 10 - otp request: rate limited after 3 codes per 15 minutes per account
  ---
  duration_ms: 11.292916
  type: 'test'
  ...
# Subtest: otp request: malformed email is rejected; verify with malformed code is rejected
ok 11 - otp request: malformed email is rejected; verify with malformed code is rejected
  ---
  duration_ms: 1.834167
  type: 'test'
  ...
# Subtest: session: expired session is rejected
ok 12 - session: expired session is rejected
  ---
  duration_ms: 10.314833
  type: 'test'
  ...
# Subtest: logout: destroys the session server-side and clears the cookie
ok 13 - logout: destroys the session server-side and clears the cookie
  ---
  duration_ms: 10.66025
  type: 'test'
  ...
# Subtest: otp request: account row under a different auth_subject does not 500 (unique-violation regression)
ok 14 - otp request: account row under a different auth_subject does not 500 (unique-violation regression)
  ---
  duration_ms: 4.885959
  type: 'test'
  ...
# Subtest: authz: profile write targets are session-scoped — profile_id in body of another cannot be hijacked
ok 15 - authz: profile write targets are session-scoped — profile_id in body of another cannot be hijacked
  ---
  duration_ms: 186.556833
  type: 'test'
  ...
# Subtest: authz: contacts PUT is session-scoped — cannot write another account contacts (no status change, victim untouched)
ok 16 - authz: contacts PUT is session-scoped — cannot write another account contacts (no status change, victim untouched)
  ---
  duration_ms: 10.094125
  type: 'test'
  ...
# Subtest: authz: note about a non-connected profile → 403 not_connected
ok 17 - authz: note about a non-connected profile → 403 not_connected
  ---
  duration_ms: 7.810291
  type: 'test'
  ...
# Subtest: authz: intro respond by a third party → 404 (ANTI-ENUMERATION: existence of the intro is hidden)
ok 18 - authz: intro respond by a third party → 404 (ANTI-ENUMERATION: existence of the intro is hidden)
  ---
  duration_ms: 39.745041
  type: 'test'
  ...
# Subtest: authz: membership PATCH of another → 403 forbidden
ok 19 - authz: membership PATCH of another → 403 forbidden
  ---
  duration_ms: 3.988708
  type: 'test'
  ...
# Subtest: authz: attendance toggle on a foreign membership → 403 forbidden
ok 20 - authz: attendance toggle on a foreign membership → 403 forbidden
  ---
  duration_ms: 5.096875
  type: 'test'
  ...
# Subtest: authz: directory of an event not joined → 403 forbidden
ok 21 - authz: directory of an event not joined → 403 forbidden
  ---
  duration_ms: 5.574209
  type: 'test'
  ...
# Subtest: authz: recommendations of an event not joined → 403 forbidden
ok 22 - authz: recommendations of an event not joined → 403 forbidden
  ---
  duration_ms: 3.239083
  type: 'test'
  ...
# Subtest: authz: organizer settings of a foreign event → 403 forbidden
ok 23 - authz: organizer settings of a foreign event → 403 forbidden
  ---
  duration_ms: 2.851417
  type: 'test'
  ...
# Subtest: authz: registration invite of a foreign event → 403 forbidden
ok 24 - authz: registration invite of a foreign event → 403 forbidden
  ---
  duration_ms: 7.574333
  type: 'test'
  ...
# Subtest: authz: campaign create on a foreign event → 403 forbidden
ok 25 - authz: campaign create on a foreign event → 403 forbidden
  ---
  duration_ms: 1.775417
  type: 'test'
  ...
# Subtest: authz: campaign edit/approve/send/audience/stats cross-tenant → 404 (ANTI-ENUMERATION: campaign existence hidden); staff → 403
ok 26 - authz: campaign edit/approve/send/audience/stats cross-tenant → 404 (ANTI-ENUMERATION: campaign existence hidden); staff → 403
  ---
  duration_ms: 16.499291
  type: 'test'
  ...
# Subtest: authz: claim link proven against ANOTHER email → 403 email_mismatch
ok 27 - authz: claim link proven against ANOTHER email → 403 email_mismatch
  ---
  duration_ms: 11.350417
  type: 'test'
  ...
# Subtest: authz: telegram channel confirm with ANOTHER session → 404 (ANTI-ENUMERATION: challenge bound to its creator)
ok 28 - authz: telegram channel confirm with ANOTHER session → 404 (ANTI-ENUMERATION: challenge bound to its creator)
  ---
  duration_ms: 7.488792
  type: 'test'
  ...
# Subtest: authz: export is session-scoped — attacker export never contains victim data
ok 29 - authz: export is session-scoped — attacker export never contains victim data
  ---
  duration_ms: 33.2905
  type: 'test'
  ...
# Subtest: authz: DELETE /api/blocks only removes the CALLER block — the victim block survives
ok 30 - authz: DELETE /api/blocks only removes the CALLER block — the victim block survives
  ---
  duration_ms: 6.394791
  type: 'test'
  ...
# Subtest: authz: contacts DELETE is session-scoped and reports 200/404 honestly
ok 31 - authz: contacts DELETE is session-scoped and reports 200/404 honestly
  ---
  duration_ms: 52.5375
  type: 'test'
  ...
# Subtest: authz: GET /api/me is owner-only, minimal and secretless
ok 32 - authz: GET /api/me is owner-only, minimal and secretless
  ---
  duration_ms: 4.18275
  type: 'test'
  ...
# Subtest: badges: the sheet carries names and QR targets, never emails or phones
ok 33 - badges: the sheet carries names and QR targets, never emails or phones
  ---
  duration_ms: 146.677292
  type: 'test'
  ...
# Subtest: badges: a claimed guest's badge points at their card
ok 34 - badges: a claimed guest's badge points at their card
  ---
  duration_ms: 46.515708
  type: 'test'
  ...
# Subtest: badges: claim links are issued for unclaimed guests, quarantined ones excluded
ok 35 - badges: claim links are issued for unclaimed guests, quarantined ones excluded
  ---
  duration_ms: 45.149
  type: 'test'
  ...
# Subtest: badges: re-issuing refreshes the links (each batch is a fresh token)
ok 36 - badges: re-issuing refreshes the links (each batch is a fresh token)
  ---
  duration_ms: 33.761708
  type: 'test'
  ...
# Subtest: badges: a stranger cannot see the sheet or issue links
ok 37 - badges: a stranger cannot see the sheet or issue links
  ---
  duration_ms: 32.988125
  type: 'test'
  ...
# Subtest: badges: staff are not allowed — the sheet is owner/admin only
ok 38 - badges: staff are not allowed — the sheet is owner/admin only
  ---
  duration_ms: 30.220791
  type: 'test'
  ...
# Subtest: badges: an anonymous request is refused
ok 39 - badges: an anonymous request is refused
  ---
  duration_ms: 17.822417
  type: 'test'
  ...
# Subtest: badges: an unknown event is a 404 for the organizer route
ok 40 - badges: an unknown event is a 404 for the organizer route
  ---
  duration_ms: 10.575541
  type: 'test'
  ...
# Subtest: segments: a filter selects only matching members, and the preview count equals the queued jobs
ok 41 - segments: a filter selects only matching members, and the preview count equals the queued jobs
  ---
  duration_ms: 306.242458
  type: 'test'
  ...
# Subtest: segments: revoking consent after approve excludes the member even inside the segment
ok 42 - segments: revoking consent after approve excludes the member even inside the segment
  ---
  duration_ms: 101.990625
  type: 'test'
  ...
# Subtest: segments: an invalid segment on create or edit is rejected with 400
ok 43 - segments: an invalid segment on create or edit is rejected with 400
  ---
  duration_ms: 20.200833
  type: 'test'
  ...
# Subtest: AC-23: staff cannot create, approve or send campaigns (403)
ok 44 - AC-23: staff cannot create, approve or send campaigns (403)
  ---
  duration_ms: 136.808709
  type: 'test'
  ...
# Subtest: campaigns: cross-organizer access is 404 (no existence leak)
ok 45 - campaigns: cross-organizer access is 404 (no existence leak)
  ---
  duration_ms: 34.768041
  type: 'test'
  ...
# Subtest: campaign flow: preview, approve snapshot, edit resets approval, send revalidates, worker delivers
ok 46 - campaign flow: preview, approve snapshot, edit resets approval, send revalidates, worker delivers
  ---
  duration_ms: 188.134875
  type: 'test'
  ...
# Subtest: AC-25: consent withdrawn while job queued → suppressed without send; others sent
ok 47 - AC-25: consent withdrawn while job queued → suppressed without send; others sent
  ---
  duration_ms: 51.955333
  type: 'test'
  ...
# Subtest: intro notices: requested notice enqueued transactionally; withdrawal suppresses it (AC-25)
ok 48 - intro notices: requested notice enqueued transactionally; withdrawal suppresses it (AC-25)
  ---
  duration_ms: 61.999291
  type: 'test'
  ...
# Subtest: cleanup: expired sessions removed, fresh kept; stale OTP codes + challenges removed
ok 49 - cleanup: expired sessions removed, fresh kept; stale OTP codes + challenges removed
  ---
  duration_ms: 65.330625
  type: 'test'
  ...
# Subtest: cleanup: terminal outbox older than 90d removed with delivery_attempts; pending/young kept
ok 50 - cleanup: terminal outbox older than 90d removed with delivery_attempts; pending/young kept
  ---
  duration_ms: 13.169416
  type: 'test'
  ...
# Subtest: cleanup: inbox_events older than 90d removed; fresh kept
ok 51 - cleanup: inbox_events older than 90d removed; fresh kept
  ---
  duration_ms: 6.740834
  type: 'test'
  ...
# Subtest: cleanup: unclaimed registrations of long-ended events removed; claimed/fresh kept
ok 52 - cleanup: unclaimed registrations of long-ended events removed; claimed/fresh kept
  ---
  duration_ms: 12.5775
  type: 'test'
  ...
# Subtest: cleanup: deleting accounts past grace are purged — user rows gone, consent/audit kept pseudonymized
ok 53 - cleanup: deleting accounts past grace are purged — user rows gone, consent/audit kept pseudonymized
  ---
  duration_ms: 36.727167
  type: 'test'
  ...
# Subtest: cleanup: a live claim challenge never breaks the registration batch (BUG-2 regression)
ok 54 - cleanup: a live claim challenge never breaks the registration batch (BUG-2 regression)
  ---
  duration_ms: 22.48025
  type: 'test'
  ...
# Subtest: cleanup: runCleanupIfDue is gated to at least 6h between runs
ok 55 - cleanup: runCleanupIfDue is gated to at least 6h between runs
  ---
  duration_ms: 3.642833
  type: 'test'
  ...
# Subtest: F-07: inbox minimal_payload is minimized after processing; sent outbox payload text dropped
ok 56 - F-07: inbox minimal_payload is minimized after processing; sent outbox payload text dropped
  ---
  duration_ms: 5.397916
  type: 'test'
  ...
# Subtest: connections: every registered provider is rendered with its resolved status
ok 57 - connections: every registered provider is rendered with its resolved status
  ---
  duration_ms: 20.28375
  type: 'test'
  ...
# Subtest: connections: an unconfigured channel shows the reason and the variable NAME
ok 58 - connections: an unconfigured channel shows the reason and the variable NAME
  ---
  duration_ms: 7.596125
  type: 'test'
  ...
# Subtest: connections: the HTML lists variable NAMES and never their VALUES
ok 59 - connections: the HTML lists variable NAMES and never their VALUES
  ---
  duration_ms: 8.64075
  type: 'test'
  ...
# Subtest: connections: setup steps and the do/don't block are part of the markup
ok 60 - connections: setup steps and the do/don't block are part of the markup
  ---
  duration_ms: 7.457083
  type: 'test'
  ...
# Subtest: connections: the /me shell cannot render without a session
ok 61 - connections: the /me shell cannot render without a session
  ---
  duration_ms: 0.467625
  type: 'test'
  ...
# Subtest: connections: without the OAuth client both Google rows say so, name both variables, and offer no connect
ok 62 - connections: without the OAuth client both Google rows say so, name both variables, and offer no connect
  ---
  duration_ms: 7.928792
  type: 'test'
  ...
# Subtest: connections: with the OAuth client the Google rows are live, explain what is read and written, and link to the real start route
ok 63 - connections: with the OAuth client the Google rows are live, explain what is read and written, and link to the real start route
  ---
  duration_ms: 7.625375
  type: 'test'
  ...
# Subtest: connections: the connect control is a PRIMARY action that names its provider
ok 64 - connections: the connect control is a PRIMARY action that names its provider
  ---
  duration_ms: 7.309875
  type: 'test'
  ...
# Subtest: connections: the OAuth result banner renders only a known word, and nothing at all for an unknown one
ok 65 - connections: the OAuth result banner renders only a known word, and nothing at all for an unknown one
  ---
  duration_ms: 24.96175
  type: 'test'
  ...
# Subtest: consent: grant then withdraw flips hasGrant; latest record wins
ok 66 - consent: grant then withdraw flips hasGrant; latest record wins
  ---
  duration_ms: 134.588958
  type: 'test'
  ...
# Subtest: consent: revoke writes consent.suppress_requested audit (phase-3 outbox stub)
ok 67 - consent: revoke writes consent.suppress_requested audit (phase-3 outbox stub)
  ---
  duration_ms: 65.114417
  type: 'test'
  ...
# Subtest: consent: event-scoped grant does NOT imply global scope (interpretation ⑧)
ok 68 - consent: event-scoped grant does NOT imply global scope (interpretation ⑧)
  ---
  duration_ms: 40.106875
  type: 'test'
  ...
# Subtest: consent: actor is the session account — account_id in body is ignored
ok 69 - consent: actor is the session account — account_id in body is ignored
  ---
  duration_ms: 40.11425
  type: 'test'
  ...
# Subtest: consent: 401 without session; 400 for invalid purpose and global scope_id
ok 70 - consent: 401 without session; 400 for invalid purpose and global scope_id
  ---
  duration_ms: 19.03675
  type: 'test'
  ...
# Subtest: contacts import: an address already on WELCOME comes back as a name and a card link
ok 71 - contacts import: an address already on WELCOME comes back as a name and a card link
  ---
  duration_ms: 99.5145
  type: 'test'
  ...
# Subtest: contacts import: a CSV address book matches the same way
ok 72 - contacts import: a CSV address book matches the same way
  ---
  duration_ms: 51.452958
  type: 'test'
  ...
# Subtest: contacts import: the caller itself and inactive accounts are never matched
ok 73 - contacts import: the caller itself and inactive accounts are never matched
  ---
  duration_ms: 58.545583
  type: 'test'
  ...
# Subtest: contacts import: NOTHING is stored — only one audit fact row, with numbers
ok 74 - contacts import: NOTHING is stored — only one audit fact row, with numbers
  ---
  duration_ms: 138.557834
  type: 'test'
  ...
# Subtest: contacts import: without a session → 401 and no audit row
ok 75 - contacts import: without a session → 401 and no audit row
  ---
  duration_ms: 1.448167
  type: 'test'
  ...
# Subtest: contacts import: malformed bodies and address-less files are refused with 400
ok 76 - contacts import: malformed bodies and address-less files are refused with 400
  ---
  duration_ms: 50.794416
  type: 'test'
  ...
# Subtest: contacts import: over 5 MB → 413, over 5000 contacts → 413
ok 77 - contacts import: over 5 MB → 413, over 5000 contacts → 413
  ---
  duration_ms: 62.439542
  type: 'test'
  ...
# Subtest: contacts import: the 6th request inside the hour is 429 with Retry-After
ok 78 - contacts import: the 6th request inside the hour is 429 with Retry-After
  ---
  duration_ms: 40.322583
  type: 'test'
  ...
# Subtest: directory: anonymous → 401; non-member → 403 (AC-20b)
ok 79 - directory: anonymous → 401; non-member → 403 (AC-20b)
  ---
  duration_ms: 121.819584
  type: 'test'
  ...
# Subtest: directory: member sees only visible active members; strict field allowlist
ok 80 - directory: member sees only visible active members; strict field allowlist
  ---
  duration_ms: 104.097875
  type: 'test'
  ...
# Subtest: directory: blocks suppress visibility in both directions
ok 81 - directory: blocks suppress visibility in both directions
  ---
  duration_ms: 77.420667
  type: 'test'
  ...
# Subtest: directory: directory_close_at in the past → 403 directory_closed
ok 82 - directory: directory_close_at in the past → 403 directory_closed
  ---
  duration_ms: 33.499125
  type: 'test'
  ...
# Subtest: membership PATCH: foreign membership → 403; invalid body → 400; leave works
ok 83 - membership PATCH: foreign membership → 403; invalid body → 400; leave works
  ---
  duration_ms: 49.284667
  type: 'test'
  ...
# Subtest: attendance: self-report sets attendance_source; foreign membership → 403
ok 84 - attendance: self-report sets attendance_source; foreign membership → 403
  ---
  duration_ms: 57.537291
  type: 'test'
  ...
# Subtest: directory: q searches name, headline, company and the member keywords — but never projects them
ok 85 - directory: q searches name, headline, company and the member keywords — but never projects them
  ---
  duration_ms: 69.694667
  type: 'test'
  ...
# Subtest: directory: `function` is an accepted alias of job_function, and contradictions are rejected
ok 86 - directory: `function` is an accepted alias of job_function, and contradictions are rejected
  ---
  duration_ms: 45.141792
  type: 'test'
  ...
# Subtest: directory: q composes with modes and facets
ok 87 - directory: q composes with modes and facets
  ---
  duration_ms: 66.979959
  type: 'test'
  ...
# Subtest: email channel: intro requested notice is delivered by email when there is no telegram binding
ok 88 - email channel: intro requested notice is delivered by email when there is no telegram binding
  ---
  duration_ms: 230.638166
  type: 'test'
  ...
# Subtest: email channel: without service_channel consent the notice is suppressed with consent_revoked, not emailed
ok 89 - email channel: without service_channel consent the notice is suppressed with consent_revoked, not emailed
  ---
  duration_ms: 63.396833
  type: 'test'
  ...
# Subtest: email channel: an active telegram binding keeps telegram as the channel (email untouched)
ok 90 - email channel: an active telegram binding keeps telegram as the channel (email untouched)
  ---
  duration_ms: 54.0515
  type: 'test'
  ...
# Subtest: email channel: a campaign with organizer_marketing consent reaches the member by email
ok 91 - email channel: a campaign with organizer_marketing consent reaches the member by email
  ---
  duration_ms: 52.257125
  type: 'test'
  ...
# Subtest: email channel: a campaign job whose purpose consent is missing is suppressed, never emailed
ok 92 - email channel: a campaign job whose purpose consent is missing is suppressed, never emailed
  ---
  duration_ms: 30.077458
  type: 'test'
  ...
# Subtest: email channel: without a configured provider the job is suppressed with channel_disabled
ok 93 - email channel: without a configured provider the job is suppressed with channel_disabled
  ---
  duration_ms: 53.610667
  type: 'test'
  ...
# Subtest: enrich: mock provider returns a draft with sources and persists NO user content
ok 94 - enrich: mock provider returns a draft with sources and persists NO user content
  ---
  duration_ms: 131.017875
  type: 'test'
  ...
# Subtest: enrich: an undecryptable contact is skipped, the request still succeeds
ok 95 - enrich: an undecryptable contact is skipped, the request still succeeds
  ---
  duration_ms: 26.395375
  type: 'test'
  ...
# Subtest: enrich: requires auth and an existing profile
ok 96 - enrich: requires auth and an existing profile
  ---
  duration_ms: 16.424208
  type: 'test'
  ...
# [enrich] degraded fallback provider=vertex_gemini state=failed code=no_draft retryable=true
# Subtest: enrich: provider answers without a draft twice → 200 + degraded draft from the profile (BUG-3)
ok 97 - enrich: provider answers without a draft twice → 200 + degraded draft from the profile (BUG-3)
  ---
  duration_ms: 19.945125
  type: 'test'
  ...
# Subtest: enrich: a real provider failure is still a 502 with a server-side trace (BUG-4)
ok 98 - enrich: a real provider failure is still a 502 with a server-side trace (BUG-4)
  ---
  duration_ms: 22.148292
  type: 'test'
  ...
# Subtest: enrich: provider disabled → 503 enrichment_disabled, retryable:false, no quota spent
ok 99 - enrich: provider disabled → 503 enrichment_disabled, retryable:false, no quota spent
  ---
  duration_ms: 10.591417
  type: 'test'
  ...
# Subtest: enrich: 6th request within the hour → 429 rate_limited (5/hour/account)
ok 100 - enrich: 6th request within the hour → 429 rate_limited (5/hour/account)
  ---
  duration_ms: 22.145958
  type: 'test'
  ...
# Subtest: enrich: provider failure is reported as retryable enrichment_failed without leaking details
ok 101 - enrich: provider failure is reported as retryable enrichment_failed without leaking details
  ---
  duration_ms: 25.210459
  type: 'test'
  ...
# Subtest: enrich LIVE: one real Vertex AI call through the configured credentials
ok 102 - enrich LIVE: one real Vertex AI call through the configured credentials # SKIP
  ---
  duration_ms: 0.420125
  type: 'test'
  ...
# Subtest: analytics: aggregates are counted for the event and for that event only
ok 103 - analytics: aggregates are counted for the event and for that event only
  ---
  duration_ms: 319.624
  type: 'test'
  ...
# Subtest: analytics: staff and strangers get 403, anonymous gets 401
ok 104 - analytics: staff and strangers get 403, anonymous gets 401
  ---
  duration_ms: 65.555333
  type: 'test'
  ...
# Subtest: events: organizer creates event → owner member row + audit
ok 105 - events: organizer creates event → owner member row + audit
  ---
  duration_ms: 129.648125
  type: 'test'
  ...
# Subtest: events: timezone validation rejects non-IANA values with 400
ok 106 - events: timezone validation rejects non-IANA values with 400
  ---
  duration_ms: 21.272375
  type: 'test'
  ...
# Subtest: events: ends_at before starts_at → 400
ok 107 - events: ends_at before starts_at → 400
  ---
  duration_ms: 21.433208
  type: 'test'
  ...
# Subtest: events: AC-14 — one profile joins two events (two memberships)
ok 108 - events: AC-14 — one profile joins two events (two memberships)
  ---
  duration_ms: 60.916042
  type: 'test'
  ...
# Subtest: events: AC-24 — join creates ZERO consent rows (no implicit marketing opt-in)
ok 109 - events: AC-24 — join creates ZERO consent rows (no implicit marketing opt-in)
  ---
  duration_ms: 26.193042
  type: 'test'
  ...
# Subtest: events: re-join is idempotent (no duplicate membership)
ok 110 - events: re-join is idempotent (no duplicate membership)
  ---
  duration_ms: 32.128416
  type: 'test'
  ...
# Subtest: events: join without a profile → 409 profile_required
ok 111 - events: join without a profile → 409 profile_required
  ---
  duration_ms: 30.99075
  type: 'test'
  ...
# Subtest: events: public join works by slug; draft event → 403; registration mode without code → 403
ok 112 - events: public join works by slug; draft event → 403; registration mode without code → 403
  ---
  duration_ms: 42.508084
  type: 'test'
  ...
# Subtest: events: join_code path — closed event joins only with the correct code
ok 113 - events: join_code path — closed event joins only with the correct code
  ---
  duration_ms: 37.231375
  type: 'test'
  ...
# Subtest: events: max_participants cap → event_full
ok 114 - events: max_participants cap → event_full
  ---
  duration_ms: 41.397959
  type: 'test'
  ...
# Subtest: events: AC-20a — online_link visible ONLY to active member
ok 115 - events: AC-20a — online_link visible ONLY to active member
  ---
  duration_ms: 74.517375
  type: 'test'
  ...
# Subtest: events: AC-22a — another organizer gets 403 on foreign event settings
ok 116 - events: AC-22a — another organizer gets 403 on foreign event settings
  ---
  duration_ms: 18.392584
  type: 'test'
  ...
# Subtest: events: settings update — owner/admin only; directory_close_at + access_mode persist
ok 117 - events: settings update — owner/admin only; directory_close_at + access_mode persist
  ---
  duration_ms: 18.241542
  type: 'test'
  ...
# Subtest: events: requireEventRole — staff does not satisfy owner/admin (interpretation ⑦)
ok 118 - events: requireEventRole — staff does not satisfy owner/admin (interpretation ⑦)
  ---
  duration_ms: 32.04075
  type: 'test'
  ...
# Subtest: events: consent grant path stays independent of join (grant works after join)
ok 119 - events: consent grant path stays independent of join (grant works after join)
  ---
  duration_ms: 18.725834
  type: 'test'
  ...
# Subtest: F-05: export after mutual intro contains the intro with OWN consent fields only
ok 120 - F-05: export after mutual intro contains the intro with OWN consent fields only
  ---
  duration_ms: 223.880375
  type: 'test'
  ...
# Subtest: phase4: with both flags OFF nothing is enqueued and the scan does not run
ok 121 - phase4: with both flags OFF nothing is enqueued and the scan does not run
  ---
  duration_ms: 148.75775
  type: 'test'
  ...
# Subtest: phase4: the first tick enqueues exactly one reminder and one digest; the second enqueues nothing
ok 122 - phase4: the first tick enqueues exactly one reminder and one digest; the second enqueues nothing
  ---
  duration_ms: 60.3735
  type: 'test'
  ...
# Subtest: phase4: the meeting check works in BOTH pair directions
ok 123 - phase4: the meeting check works in BOTH pair directions
  ---
  duration_ms: 20.107958
  type: 'test'
  ...
# Subtest: phase4: purpose routing — the reminder is a service message, the digest is its own purpose
ok 124 - phase4: purpose routing — the reminder is a service message, the digest is its own purpose
  ---
  duration_ms: 21.429
  type: 'test'
  ...
# Subtest: phase4: the digest body carries no private field of another person
ok 125 - phase4: the digest body carries no private field of another person
  ---
  duration_ms: 24.137209
  type: 'test'
  ...
# Subtest: phase4: opting out after the enqueue suppresses the queued digest (through the real endpoint)
ok 126 - phase4: opting out after the enqueue suppresses the queued digest (through the real endpoint)
  ---
  duration_ms: 54.251708
  type: 'test'
  ...
# Subtest: phase4: the one-click unsubscribe link stops the digest without a session
ok 127 - phase4: the one-click unsubscribe link stops the digest without a session
  ---
  duration_ms: 18.140458
  type: 'test'
  ...
# Subtest: phase4: a blocked recipient gets no reminder, and a revoked channel suppresses one
ok 128 - phase4: a blocked recipient gets no reminder, and a revoked channel suppresses one
  ---
  duration_ms: 19.094125
  type: 'test'
  ...
# Subtest: phase4: an opted-in recipient with no channel at all gets nothing
ok 129 - phase4: an opted-in recipient with no channel at all gets nothing
  ---
  duration_ms: 9.124417
  type: 'test'
  ...
# Subtest: phase4: no consent, no message — even when the opt-in is on
ok 130 - phase4: no consent, no message — even when the opt-in is on
  ---
  duration_ms: 7.227541
  type: 'test'
  ...
# Subtest: phase4: both follow-up endpoints answer 404 feature_disabled while the flags are off
ok 131 - phase4: both follow-up endpoints answer 404 feature_disabled while the flags are off
  ---
  duration_ms: 11.412083
  type: 'test'
  ...
# Subtest: phase4: a flag turned on mid-flight only enables its own mechanic
ok 132 - phase4: a flag turned on mid-flight only enables its own mechanic
  ---
  duration_ms: 30.620541
  type: 'test'
  ...
# Subtest: migrations 011: profiles.goals is a NOT NULL text[] defaulting to {} with a GIN index
ok 133 - migrations 011: profiles.goals is a NOT NULL text[] defaulting to {} with a GIN index
  ---
  duration_ms: 66.549625
  type: 'test'
  ...
# Subtest: goals: POST stores them in priority order and GET returns the same order
ok 134 - goals: POST stores them in priority order and GET returns the same order
  ---
  duration_ms: 54.9275
  type: 'test'
  ...
# Subtest: goals: a duplicate collapses to its first position (priority is the array order)
ok 135 - goals: a duplicate collapses to its first position (priority is the array order)
  ---
  duration_ms: 17.210875
  type: 'test'
  ...
# Subtest: goals: a fourth goal and an unknown id are rejected with 400
ok 136 - goals: a fourth goal and an unknown id are rejected with 400
  ---
  duration_ms: 22.887834
  type: 'test'
  ...
# Subtest: goals: omitting the field clears the stored list (absent = no goals)
ok 137 - goals: omitting the field clears the stored list (absent = no goals)
  ---
  duration_ms: 19.891541
  type: 'test'
  ...
# Subtest: goals are private: absent from the public JSON, the vCard and the card HTML
ok 138 - goals are private: absent from the public JSON, the vCard and the card HTML
  ---
  duration_ms: 30.723667
  type: 'test'
  ...
# Subtest: goals: the data-subject export carries them (private data is still the owner's)
ok 139 - goals: the data-subject export carries them (private data is still the owner's)
  ---
  duration_ms: 50.58175
  type: 'test'
  ...
# Subtest: goals: GET /api/taxonomy stays v3 and gains goals + limits.goals
ok 140 - goals: GET /api/taxonomy stays v3 and gains goals + limits.goals
  ---
  duration_ms: 0.604417
  type: 'test'
  ...
# Subtest: oauth start: a signed-out visitor is sent to sign in, and nothing about Google happens
ok 141 - oauth start: a signed-out visitor is sent to sign in, and nothing about Google happens
  ---
  duration_ms: 2.723458
  type: 'test'
  ...
# Subtest: oauth start: an unknown provider is refused rather than guessed
ok 142 - oauth start: an unknown provider is refused rather than guessed
  ---
  duration_ms: 95.646
  type: 'test'
  ...
# Subtest: oauth start: builds the authorization URL with PKCE, offline access and only the provider scope
ok 143 - oauth start: builds the authorization URL with PKCE, offline access and only the provider scope
  ---
  duration_ms: 25.106667
  type: 'test'
  ...
# Subtest: oauth start: an unconfigured instance reports not_configured instead of sending the user to a Google error
ok 144 - oauth start: an unconfigured instance reports not_configured instead of sending the user to a Google error
  ---
  duration_ms: 17.521667
  type: 'test'
  ...
# Subtest: oauth callback: stores an ENCRYPTED grant and returns no token material to the client
ok 145 - oauth callback: stores an ENCRYPTED grant and returns no token material to the client
  ---
  duration_ms: 31.705208
  type: 'test'
  ...
# Subtest: oauth callback: a REPLAYED state fails safely and creates no second grant
ok 146 - oauth callback: a REPLAYED state fails safely and creates no second grant
  ---
  duration_ms: 21.672792
  type: 'test'
  ...
# Subtest: oauth callback: a TAMPERED state, a FOREIGN state and a missing state all fail safely
ok 147 - oauth callback: a TAMPERED state, a FOREIGN state and a missing state all fail safely
  ---
  duration_ms: 33.885291
  type: 'test'
  ...
# Subtest: oauth callback: an EXPIRED state is refused before Google is asked
ok 148 - oauth callback: an EXPIRED state is refused before Google is asked
  ---
  duration_ms: 15.98525
  type: 'test'
  ...
# Subtest: oauth callback: the user cancelling at Google is reported as denied, and nothing is stored
ok 149 - oauth callback: the user cancelling at Google is reported as denied, and nothing is stored
  ---
  duration_ms: 12.8985
  type: 'test'
  ...
# [oauth.google.callback] server_error status=500
# Subtest: oauth callback: a Google failure at the token endpoint degrades to exchange_failed, not a 500
ok 150 - oauth callback: a Google failure at the token endpoint degrades to exchange_failed, not a 500
  ---
  duration_ms: 12.678916
  type: 'test'
  ...
# Subtest: oauth callback: granted scopes are checked — a narrowed consent is refused, not stored
ok 151 - oauth callback: granted scopes are checked — a narrowed consent is refused, not stored
  ---
  duration_ms: 15.295833
  type: 'test'
  ...
# Subtest: oauth disconnect: deletes our copy FIRST, then asks Google to revoke, and audits both facts
ok 152 - oauth disconnect: deletes our copy FIRST, then asks Google to revoke, and audits both facts
  ---
  duration_ms: 28.219416
  type: 'test'
  ...
# [oauth.google.disconnect] revoke server_error status=500
# Subtest: oauth disconnect: a Google revoke failure does NOT undo the disconnect
ok 153 - oauth disconnect: a Google revoke failure does NOT undo the disconnect
  ---
  duration_ms: 15.639375
  type: 'test'
  ...
# Subtest: oauth disconnect: signed out it is a 401, and an unknown provider a 400
ok 154 - oauth disconnect: signed out it is a 401, and an unknown provider a 400
  ---
  duration_ms: 7.691792
  type: 'test'
  ...
# Subtest: revoked consent: a refresh answering invalid_grant marks the grant REVOKED and stops using it
ok 155 - revoked consent: a refresh answering invalid_grant marks the grant REVOKED and stops using it
  ---
  duration_ms: 35.728542
  type: 'test'
  ...
# Subtest: google contacts: only matches come back, and NO third party is stored anywhere
ok 156 - google contacts: only matches come back, and NO third party is stored anywhere
  ---
  duration_ms: 70.855334
  type: 'test'
  ...
# Subtest: google contacts: paging is followed to the end, and a page budget that runs out says so
ok 157 - google contacts: paging is followed to the end, and a page budget that runs out says so
  ---
  duration_ms: 12.544
  type: 'test'
  ...
# Subtest: google contacts: without a grant the answer is 409 not_connected, and Google is never called
ok 158 - google contacts: without a grant the answer is 409 not_connected, and Google is never called
  ---
  duration_ms: 7.061875
  type: 'test'
  ...
# Subtest: google calendar: the default event carries NO counterpart email, and no address of any kind
ok 159 - google calendar: the default event carries NO counterpart email, and no address of any kind
  ---
  duration_ms: 44.615667
  type: 'test'
  ...
# Subtest: google calendar: a counterpart email without the opt-in is REFUSED, never silently dropped
ok 160 - google calendar: a counterpart email without the opt-in is REFUSED, never silently dropped
  ---
  duration_ms: 34.273667
  type: 'test'
  ...
# Subtest: google calendar: invalid input, an unknown counterpart and no grant all fail honestly
ok 161 - google calendar: invalid input, an unknown counterpart and no grant all fail honestly
  ---
  duration_ms: 26.601125
  type: 'test'
  ...
# Subtest: flow states: spent and expired handshakes are purged, grants are not touched
ok 162 - flow states: spent and expired handshakes are purged, grants are not touched
  ---
  duration_ms: 18.689083
  type: 'test'
  ...
# Subtest: F-16: public health payload has no migration details
ok 163 - F-16: public health payload has no migration details
  ---
  duration_ms: 33.201625
  type: 'test'
  ...
# Subtest: F-16: x-health-details with the worker secret → full payload; wrong secret → public payload
ok 164 - F-16: x-health-details with the worker secret → full payload; wrong secret → public payload
  ---
  duration_ms: 6.602667
  type: 'test'
  ...
# Subtest: ics: public download with the right headers, UTC stamps and a stable UID
ok 165 - ics: public download with the right headers, UTC stamps and a stable UID
  ---
  duration_ms: 96.925417
  type: 'test'
  ...
# Subtest: ics: the room link never leaves in a downloadable file
ok 166 - ics: the room link never leaves in a downloadable file
  ---
  duration_ms: 24.125208
  type: 'test'
  ...
# Subtest: ics: an event without a schedule answers 409, not a broken file
ok 167 - ics: an event without a schedule answers 409, not a broken file
  ---
  duration_ms: 21.7985
  type: 'test'
  ...
# Subtest: ics: a missing event answers 404 for slug and id alike
ok 168 - ics: a missing event answers 404 for slug and id alike
  ---
  duration_ms: 1.441916
  type: 'test'
  ...
# Subtest: ics: user text is escaped, never able to open a second VEVENT
ok 169 - ics: user text is escaped, never able to open a second VEVENT
  ---
  duration_ms: 17.842334
  type: 'test'
  ...
# Subtest: import: preview creates NO registrations; commit creates rows
ok 170 - import: preview creates NO registrations; commit creates rows
  ---
  duration_ms: 129.005083
  type: 'test'
  ...
# Subtest: import: import creates NO accounts and NO profiles (registrations only)
ok 171 - import: import creates NO accounts and NO profiles (registrations only)
  ---
  duration_ms: 31.845917
  type: 'test'
  ...
# Subtest: import: AC-17 — re-import is idempotent (same rows, revision++)
ok 172 - import: AC-17 — re-import is idempotent (same rows, revision++)
  ---
  duration_ms: 37.498917
  type: 'test'
  ...
# Subtest: import: AC-19 — 6000 rows rejected with 413; formula cell stored as data
ok 173 - import: AC-19 — 6000 rows rejected with 413; formula cell stored as data
  ---
  duration_ms: 36.2745
  type: 'test'
  ...
# Subtest: import: non-organizer → 403
ok 174 - import: non-organizer → 403
  ---
  duration_ms: 30.441292
  type: 'test'
  ...
# Subtest: invite: owner gets one-time unbound challenge; non-owner → 403; quarantined → 403
ok 175 - invite: owner gets one-time unbound challenge; non-owner → 403; quarantined → 403
  ---
  duration_ms: 41.8955
  type: 'test'
  ...
# Subtest: claim: AC-07 — preview does not consume the challenge
ok 176 - claim: AC-07 — preview does not consume the challenge
  ---
  duration_ms: 29.039
  type: 'test'
  ...
# Subtest: claim: AC-08 cross-email → 403; success path binds matching email; AC-09 replay → 409
ok 177 - claim: AC-08 cross-email → 403; success path binds matching email; AC-09 replay → 409
  ---
  duration_ms: 41.853875
  type: 'test'
  ...
# Subtest: claim: AC-18 — existing profile is NOT overwritten by import data
ok 178 - claim: AC-18 — existing profile is NOT overwritten by import data
  ---
  duration_ms: 31.375709
  type: 'test'
  ...
# Subtest: claim: unknown token → 404; expired token → 410; anonymous → 401
ok 179 - claim: unknown token → 404; expired token → 410; anonymous → 401
  ---
  duration_ms: 31.573458
  type: 'test'
  ...
# Subtest: import mapping: preview echoes the final mapping and the CSV columns
ok 180 - import mapping: preview echoes the final mapping and the CSV columns
  ---
  duration_ms: 107.522834
  type: 'test'
  ...
# Subtest: import mapping: the mapping actually changes the result (auto-map would miss)
ok 181 - import mapping: the mapping actually changes the result (auto-map would miss)
  ---
  duration_ms: 44.587
  type: 'test'
  ...
# Subtest: import mapping: preview writes nothing
ok 182 - import mapping: preview writes nothing
  ---
  duration_ms: 25.059542
  type: 'test'
  ...
# Subtest: import mapping: an unknown field is rejected with unknown_mapping_field
ok 183 - import mapping: an unknown field is rejected with unknown_mapping_field
  ---
  duration_ms: 13.043042
  type: 'test'
  ...
# Subtest: import mapping: a column absent from the CSV is rejected with unknown_csv_column
ok 184 - import mapping: a column absent from the CSV is rejected with unknown_csv_column
  ---
  duration_ms: 16.605875
  type: 'test'
  ...
# Subtest: import mapping: two columns for one field is rejected with duplicate_mapping_field
ok 185 - import mapping: two columns for one field is rejected with duplicate_mapping_field
  ---
  duration_ms: 12.369834
  type: 'test'
  ...
# Subtest: import mapping: re-preview after a commit reports would_update, not would_insert
ok 186 - import mapping: re-preview after a commit reports would_update, not would_insert
  ---
  duration_ms: 23.916542
  type: 'test'
  ...
# Subtest: import mapping: would_update counts only rows that already exist
ok 187 - import mapping: would_update counts only rows that already exist
  ---
  duration_ms: 24.092459
  type: 'test'
  ...
# Subtest: import mapping: repeated commit is idempotent (0 inserts, N updates, revision grows)
ok 188 - import mapping: repeated commit is idempotent (0 inserts, N updates, revision grows)
  ---
  duration_ms: 18.53975
  type: 'test'
  ...
# Subtest: import mapping: preview counts quarantined rows and caps the sample at 50
ok 189 - import mapping: preview counts quarantined rows and caps the sample at 50
  ---
  duration_ms: 13.9485
  type: 'test'
  ...
# Subtest: import mapping: rows with no upsert key are reported as would_skip
ok 190 - import mapping: rows with no upsert key are reported as would_skip
  ---
  duration_ms: 14.538042
  type: 'test'
  ...
# Subtest: import mapping: a non-organizer cannot import even with a valid mapping
ok 191 - import mapping: a non-organizer cannot import even with a valid mapping
  ---
  duration_ms: 22.547375
  type: 'test'
  ...
# Subtest: import mapping: an anonymous request is rejected before any mapping work
ok 192 - import mapping: an anonymous request is rejected before any mapping work
  ---
  duration_ms: 15.309542
  type: 'test'
  ...
# Subtest: block after intro request: responder is rejected with 403 blocked, state stays pending
ok 193 - block after intro request: responder is rejected with 403 blocked, state stays pending
  ---
  duration_ms: 238.774459
  type: 'test'
  ...
# Subtest: block after intro request: the blocker is also frozen (symmetric)
ok 194 - block after intro request: the blocker is also frozen (symmetric)
  ---
  duration_ms: 6.070291
  type: 'test'
  ...
# Subtest: unblocking restores the ability to respond
ok 195 - unblocking restores the ability to respond
  ---
  duration_ms: 7.303125
  type: 'test'
  ...
# Subtest: block after mutual: reveal is suppressed for BOTH parties while the block stands
ok 196 - block after mutual: reveal is suppressed for BOTH parties while the block stands
  ---
  duration_ms: 21.007958
  type: 'test'
  ...
# Subtest: control: an unrelated third party still gets 404 on the intro view
ok 197 - control: an unrelated third party still gets 404 on the intro view
  ---
  duration_ms: 1.532791
  type: 'test'
  ...
# Subtest: introductions: create is idempotent, canonical pair, initiator from session (AC-33)
ok 198 - introductions: create is idempotent, canonical pair, initiator from session (AC-33)
  ---
  duration_ms: 212.551583
  type: 'test'
  ...
# Subtest: introductions: self-intro 400; unknown target 404; anonymous 401
ok 199 - introductions: self-intro 400; unknown target 404; anonymous 401
  ---
  duration_ms: 41.042875
  type: 'test'
  ...
# Subtest: introductions: AC-31 — the initiator's implicit consent alone reveals NOTHING
ok 200 - introductions: AC-31 — the initiator's implicit consent alone reveals NOTHING
  ---
  duration_ms: 60.630459
  type: 'test'
  ...
# Subtest: introductions: AC-32 — concurrent double accept: both 200, one mutual transition, one audit
ok 201 - introductions: AC-32 — concurrent double accept: both 200, one mutual transition, one audit
  ---
  duration_ms: 72.572084
  type: 'test'
  ...
# Subtest: introductions: AC-34 — empty reveal_fields intersection reveals nothing
ok 202 - introductions: AC-34 — empty reveal_fields intersection reveals nothing
  ---
  duration_ms: 70.805209
  type: 'test'
  ...
# Subtest: introductions: mutual reveal returns the OTHER side decrypted contact values
ok 203 - introductions: mutual reveal returns the OTHER side decrypted contact values
  ---
  duration_ms: 82.132625
  type: 'test'
  ...
# Subtest: introductions: decline is visible to both sides, its reason is stored nowhere; pair excluded from recommendations
ok 204 - introductions: decline is visible to both sides, its reason is stored nowhere; pair excluded from recommendations
  ---
  duration_ms: 48.46175
  type: 'test'
  ...
# Subtest: introductions: the initiator may withdraw before the counterparty answers → revoked
ok 205 - introductions: the initiator may withdraw before the counterparty answers → revoked
  ---
  duration_ms: 80.296291
  type: 'test'
  ...
# Subtest: introductions: non-party respond → 404 without leaking existence
ok 206 - introductions: non-party respond → 404 without leaking existence
  ---
  duration_ms: 47.3945
  type: 'test'
  ...
# Subtest: introductions: personal context (no event) uses personal:<min> key and is idempotent
ok 207 - introductions: personal context (no event) uses personal:<min> key and is idempotent
  ---
  duration_ms: 20.131375
  type: 'test'
  ...
# Subtest: introductions: decline notifies the counterparty neutrally, is idempotent and is suppressed with no channel
ok 208 - introductions: decline notifies the counterparty neutrally, is idempotent and is suppressed with no channel
  ---
  duration_ms: 88.193083
  type: 'test'
  ...
# Subtest: introductions: withdraw notice is suppressed with consent_revoked when the recipient has a channel but no service_channel consent
ok 209 - introductions: withdraw notice is suppressed with consent_revoked when the recipient has a channel but no service_channel consent
  ---
  duration_ms: 36.271084
  type: 'test'
  ...
# Subtest: introductions: withdraw notice is DELIVERED when the recipient has a channel and service_channel consent
ok 210 - introductions: withdraw notice is DELIVERED when the recipient has a channel and service_channel consent
  ---
  duration_ms: 34.937084
  type: 'test'
  ...
# Subtest: F-02: 20 wrong codes → recorded; 21st attempt (even correct code) → 429 join_code_locked
ok 211 - F-02: 20 wrong codes → recorded; 21st attempt (even correct code) → 429 join_code_locked
  ---
  duration_ms: 234.933166
  type: 'test'
  ...
# Subtest: F-02: window expiry restores access and a successful join clears the (event, ip) history
ok 212 - F-02: window expiry restores access and a successful join clears the (event, ip) history
  ---
  duration_ms: 122.385583
  type: 'test'
  ...
# Subtest: F-02: join_code shorter than 8 chars is rejected at settings (JOIN_CODE_MIN 4→8)
ok 213 - F-02: join_code shorter than 8 chars is rejected at settings (JOIN_CODE_MIN 4→8)
  ---
  duration_ms: 16.122084
  type: 'test'
  ...
# Subtest: locale 014: a SIGNED-IN switch writes the account column and the device cookie
ok 214 - locale 014: a SIGNED-IN switch writes the account column and the device cookie
  ---
  duration_ms: 72.890792
  type: 'test'
  ...
# Subtest: locale 014: the stored column is what the resolver reads back for that session
ok 215 - locale 014: the stored column is what the resolver reads back for that session
  ---
  duration_ms: 13.699417
  type: 'test'
  ...
# Subtest: locale 014: repeating the same language writes nothing (idempotent)
ok 216 - locale 014: repeating the same language writes nothing (idempotent)
  ---
  duration_ms: 18.843166
  type: 'test'
  ...
# Subtest: locale 014: a SIGNED-OUT switch still works and never touches an account
ok 217 - locale 014: a SIGNED-OUT switch still works and never touches an account
  ---
  duration_ms: 0.780375
  type: 'test'
  ...
# Subtest: locale 014: an unknown locale is rejected and writes nothing
ok 218 - locale 014: an unknown locale is rejected and writes nothing
  ---
  duration_ms: 16.179458
  type: 'test'
  ...
# Subtest: locale 014: ?lang= writes the device cookie and NEVER the account column
ok 219 - locale 014: ?lang= writes the device cookie and NEVER the account column
  ---
  duration_ms: 18.266958
  type: 'test'
  ...
# Subtest: locale 014: setAccountLocale validates nothing itself but reports a real write
ok 220 - locale 014: setAccountLocale validates nothing itself but reports a real write
  ---
  duration_ms: 11.012875
  type: 'test'
  ...
# Subtest: locale 014: the DB admits only the closed registry, with NULL meaning "never chose"
ok 221 - locale 014: the DB admits only the closed registry, with NULL meaning "never chose"
  ---
  duration_ms: 30.75725
  type: 'test'
  ...
# Subtest: locale 014: the switcher does not break an unrelated authenticated route
ok 222 - locale 014: the switcher does not break an unrelated authenticated route
  ---
  duration_ms: 21.393125
  type: 'test'
  ...
# Subtest: mfa: enroll→confirm→login requires mfa→verify→approve passes; without verify 403
ok 223 - mfa: enroll→confirm→login requires mfa→verify→approve passes; without verify 403
  ---
  duration_ms: 244.0145
  type: 'test'
  ...
# Subtest: mfa: plain login of an account WITHOUT MFA carries no mfa_required flag
ok 224 - mfa: plain login of an account WITHOUT MFA carries no mfa_required flag
  ---
  duration_ms: 20.795709
  type: 'test'
  ...
# Subtest: mfa: recovery code single use at step-up (second use fails)
ok 225 - mfa: recovery code single use at step-up (second use fails)
  ---
  duration_ms: 37.760667
  type: 'test'
  ...
# Subtest: mfa: confirm rejects wrong codes and locks after 5 failures per 15 min
ok 226 - mfa: confirm rejects wrong codes and locks after 5 failures per 15 min
  ---
  duration_ms: 44.329625
  type: 'test'
  ...
# Subtest: mfa: disable requires a valid TOTP and restores the legacy flow
ok 227 - mfa: disable requires a valid TOTP and restores the legacy flow
  ---
  duration_ms: 64.832417
  type: 'test'
  ...
# Subtest: mfa: step-up freshness expires after 30 minutes (re-verify required)
ok 228 - mfa: step-up freshness expires after 30 minutes (re-verify required)
  ---
  duration_ms: 48.375042
  type: 'test'
  ...
# Subtest: mfa: admin is exempt from the owner step-up (spec §9 owner-only)
ok 229 - mfa: admin is exempt from the owner step-up (spec §9 owner-only)
  ---
  duration_ms: 57.494041
  type: 'test'
  ...
# Subtest: mfa: enrollment requires the account login email for the otpauth label
ok 230 - mfa: enrollment requires the account login email for the otpauth label
  ---
  duration_ms: 14.341541
  type: 'test'
  ...
# no pending migrations
# no pending migrations
# Subtest: migrations: applying again is a no-op (idempotent, exactly one row per version)
ok 231 - migrations: applying again is a no-op (idempotent, exactly one row per version)
  ---
  duration_ms: 69.954583
  type: 'test'
  ...
# Subtest: migrations: adapted contract tables exist with required columns
ok 232 - migrations: adapted contract tables exist with required columns
  ---
  duration_ms: 7.767917
  type: 'test'
  ...
# Subtest: migrations: accounts has is_demo + email_lookup_hash; rate_limits is absent
ok 233 - migrations: accounts has is_demo + email_lookup_hash; rate_limits is absent
  ---
  duration_ms: 11.306
  type: 'test'
  ...
# Subtest: migrations: events has the Phase-1 extra columns
ok 234 - migrations: events has the Phase-1 extra columns
  ---
  duration_ms: 10.132958
  type: 'test'
  ...
# Subtest: migrations: sessions table shape matches the brief
ok 235 - migrations: sessions table shape matches the brief
  ---
  duration_ms: 8.80925
  type: 'test'
  ...
# Subtest: migrations: profiles CHECK enforces slug length >= 22 at the DB level
ok 236 - migrations: profiles CHECK enforces slug length >= 22 at the DB level
  ---
  duration_ms: 7.902875
  type: 'test'
  ...
# Subtest: migrations 002: events has join_code / directory_close_at / intro_cooldown_days default 30
ok 237 - migrations 002: events has join_code / directory_close_at / intro_cooldown_days default 30
  ---
  duration_ms: 6.890458
  type: 'test'
  ...
# Subtest: migrations 002: event_memberships has matching_enabled + attendance_source CHECK
ok 238 - migrations 002: event_memberships has matching_enabled + attendance_source CHECK
  ---
  duration_ms: 12.167125
  type: 'test'
  ...
# Subtest: migrations 002: consent purpose CHECK rejects unknown purposes
ok 239 - migrations 002: consent purpose CHECK rejects unknown purposes
  ---
  duration_ms: 3.3625
  type: 'test'
  ...
# Subtest: migrations 002: introductions accepts revoked state
ok 240 - migrations 002: introductions accepts revoked state
  ---
  duration_ms: 6.202083
  type: 'test'
  ...
# Subtest: migrations 002: link_challenges.registration_id exists; blocks forbids self-block
ok 241 - migrations 002: link_challenges.registration_id exists; blocks forbids self-block
  ---
  duration_ms: 7.477125
  type: 'test'
  ...
# Subtest: migrations 002: reports stores a row with default open status
ok 242 - migrations 002: reports stores a row with default open status
  ---
  duration_ms: 3.698041
  type: 'test'
  ...
# Subtest: migrations 009: introduction_consents.source defaults to explicit and only accepts known sources
ok 243 - migrations 009: introduction_consents.source defaults to explicit and only accepts known sources
  ---
  duration_ms: 13.653083
  type: 'test'
  ...
# Subtest: migrations 014: accounts.locale is nullable, has no default, and is a closed registry
ok 244 - migrations 014: accounts.locale is nullable, has no default, and is a closed registry
  ---
  duration_ms: 12.12
  type: 'test'
  ...
# Subtest: notes: upsert own private note about a connected member; list is owner-only
ok 245 - notes: upsert own private note about a connected member; list is owner-only
  ---
  duration_ms: 188.353458
  type: 'test'
  ...
# Subtest: notes: AC-35 — organizer (not a participant) cannot attach or see participant notes
ok 246 - notes: AC-35 — organizer (not a participant) cannot attach or see participant notes
  ---
  duration_ms: 48.708542
  type: 'test'
  ...
# Subtest: blocks: suppress directory, recommendations and intro creation; unblock restores
ok 247 - blocks: suppress directory, recommendations and intro creation; unblock restores
  ---
  duration_ms: 100.945834
  type: 'test'
  ...
# Subtest: blocks: self-block 400; unknown target 404; anonymous 401
ok 248 - blocks: self-block 400; unknown target 404; anonymous 401
  ---
  duration_ms: 11.736375
  type: 'test'
  ...
# Subtest: reports: stored with open status; invalid reason 400
ok 249 - reports: stored with open status; invalid reason 400
  ---
  duration_ms: 29.4555
  type: 'test'
  ...
# Subtest: onboarding path: the profile API accepts the whole wizard payload and reads it back
ok 250 - onboarding path: the profile API accepts the whole wizard payload and reads it back
  ---
  duration_ms: 85.100375
  type: 'test'
  ...
# Subtest: onboarding path: hidden_fields keeps a field off the card in JSON and in HTML
ok 251 - onboarding path: hidden_fields keeps a field off the card in JSON and in HTML
  ---
  duration_ms: 33.638417
  type: 'test'
  ...
# Subtest: onboarding path: an unknown hidden_fields id is rejected
ok 252 - onboarding path: an unknown hidden_fields id is rejected
  ---
  duration_ms: 9.957375
  type: 'test'
  ...
# Subtest: onboarding path: a GitHub link is a first-class public contact (migration 008)
ok 253 - onboarding path: a GitHub link is a first-class public contact (migration 008)
  ---
  duration_ms: 23.462291
  type: 'test'
  ...
# Subtest: onboarding path: the card renders the axes as labels, not raw ids
ok 254 - onboarding path: the card renders the axes as labels, not raw ids
  ---
  duration_ms: 18.490625
  type: 'test'
  ...
# Subtest: onboarding path: the card carries shareable meta tags
ok 255 - onboarding path: the card carries shareable meta tags
  ---
  duration_ms: 15.519
  type: 'test'
  ...
# Subtest: onboarding path: the profile API rejects an unknown intent for the wrong side
ok 256 - onboarding path: the profile API rejects an unknown intent for the wrong side
  ---
  duration_ms: 9.429292
  type: 'test'
  ...
# Subtest: export: owner gets CSV with event-scoped sections, comment header, event-slug filename
ok 257 - export: owner gets CSV with event-scoped sections, comment header, event-slug filename
  ---
  duration_ms: 156.444541
  type: 'test'
  ...
# Subtest: export: CSV formula injection neutralized — "=HYPERLINK(...)" appears with leading apostrophe
ok 258 - export: CSV formula injection neutralized — "=HYPERLINK(...)" appears with leading apostrophe
  ---
  duration_ms: 6.525958
  type: 'test'
  ...
# Subtest: export: no emails, no lookup hashes, no private contact values in the payload
ok 259 - export: no emails, no lookup hashes, no private contact values in the payload
  ---
  duration_ms: 5.454584
  type: 'test'
  ...
# Subtest: export: intro counts are aggregates only (requested/mutual per member, no pair identities)
ok 260 - export: intro counts are aggregates only (requested/mutual per member, no pair identities)
  ---
  duration_ms: 30.639167
  type: 'test'
  ...
# Subtest: export: staff of the same organizer is forbidden (owner/admin only)
ok 261 - export: staff of the same organizer is forbidden (owner/admin only)
  ---
  duration_ms: 11.272709
  type: 'test'
  ...
# Subtest: otp request: dev + dev expose flag → devCode (pre-existing mechanism intact)
ok 262 - otp request: dev + dev expose flag → devCode (pre-existing mechanism intact)
  ---
  duration_ms: 41.228125
  type: 'test'
  ...
# Subtest: otp request: dev without flags → {ok:true}, code lands in .runtime/otp.log (old dev behaviour kept)
ok 263 - otp request: dev without flags → {ok:true}, code lands in .runtime/otp.log (old dev behaviour kept)
  ---
  duration_ms: 7.078459
  type: 'test'
  ...
# Subtest: otp request: demo fallback — is_demo account + AUTH_EXPOSE_DEMO_OTP=true → devCode without any provider
ok 264 - otp request: demo fallback — is_demo account + AUTH_EXPOSE_DEMO_OTP=true → devCode without any provider
  ---
  duration_ms: 14.28725
  type: 'test'
  ...
# Subtest: otp request: AUTH_EXPOSE_DEMO_OTP=true + regular account → NO devCode
ok 265 - otp request: AUTH_EXPOSE_DEMO_OTP=true + regular account → NO devCode
  ---
  duration_ms: 6.098625
  type: 'test'
  ...
# Subtest: otp request: APP_ENV=production without provider → 503 email_channel_disabled (explicit, no devCode)
ok 266 - otp request: APP_ENV=production without provider → 503 email_channel_disabled (explicit, no devCode)
  ---
  duration_ms: 6.125542
  type: 'test'
  ...
# Subtest: otp request: production + is_demo + demo flag → devCode (demo login works without provider)
ok 267 - otp request: production + is_demo + demo flag → devCode (demo login works without provider)
  ---
  duration_ms: 7.113666
  type: 'test'
  ...
# Subtest: otp request (ADR 0009): allowlisted address + switch → devCode in development
ok 268 - otp request (ADR 0009): allowlisted address + switch → devCode in development
  ---
  duration_ms: 4.536167
  type: 'test'
  ...
# [otp-exposure] DEV OTP EXPOSURE ENABLED ON PRODUCTION — staging-test only (1 allowlisted address)
# Subtest: otp request (ADR 0009): allowlisted address works on APP_ENV=production without a provider
ok 269 - otp request (ADR 0009): allowlisted address works on APP_ENV=production without a provider
  ---
  duration_ms: 8.100167
  type: 'test'
  ...
# Subtest: otp request (ADR 0009): production + switch on but address NOT on the list → 503, no devCode
ok 270 - otp request (ADR 0009): production + switch on but address NOT on the list → 503, no devCode
  ---
  duration_ms: 7.438125
  type: 'test'
  ...
# Subtest: otp request (ADR 0009): list match with the switch OFF → no devCode (membership alone is inert)
ok 271 - otp request (ADR 0009): list match with the switch OFF → no devCode (membership alone is inert)
  ---
  duration_ms: 3.090875
  type: 'test'
  ...
# Subtest: otp request (ADR 0009): operator formatting (case + spaces) still matches the allowlist
ok 272 - otp request (ADR 0009): operator formatting (case + spaces) still matches the allowlist
  ---
  duration_ms: 5.390459
  type: 'test'
  ...
# Subtest: otp request (ADR 0009): flag on for OTHER addresses does not disturb the is_demo path
ok 273 - otp request (ADR 0009): flag on for OTHER addresses does not disturb the is_demo path
  ---
  duration_ms: 30.749875
  type: 'test'
  ...
# Subtest: otp request (ADR 0009): enumeration shape unchanged — non-allowlisted prod response leaks nothing about the account
ok 274 - otp request (ADR 0009): enumeration shape unchanged — non-allowlisted prod response leaks nothing about the account
  ---
  duration_ms: 14.559
  type: 'test'
  ...
# Subtest: F-13: 5 wrong verifies lock the account — correct code rejected until window slides
ok 275 - F-13: 5 wrong verifies lock the account — correct code rejected until window slides
  ---
  duration_ms: 100.010958
  type: 'test'
  ...
# Subtest: F-13: another account is unaffected by one account being locked
ok 276 - F-13: another account is unaffected by one account being locked
  ---
  duration_ms: 17.558042
  type: 'test'
  ...
# Subtest: outbox enqueue: duplicate dedupe_key returns the existing id, one row total
ok 277 - outbox enqueue: duplicate dedupe_key returns the existing id, one row total
  ---
  duration_ms: 45.744709
  type: 'test'
  ...
# Subtest: outbox enqueue: default due_at uses the DB clock (immediately claimable)
ok 278 - outbox enqueue: default due_at uses the DB clock (immediately claimable)
  ---
  duration_ms: 3.613083
  type: 'test'
  ...
# Subtest: outbox lifecycle: pending → sent, attempt row recorded, redacted (no payload)
ok 279 - outbox lifecycle: pending → sent, attempt row recorded, redacted (no payload)
  ---
  duration_ms: 64.204833
  type: 'test'
  ...
# Subtest: outbox: recipient without any channel → suppressed no_channel, never sent
ok 280 - outbox: recipient without any channel → suppressed no_channel, never sent
  ---
  duration_ms: 8.096708
  type: 'test'
  ...
# Subtest: outbox: revoked binding → suppressed channel_revoked (AC-39 send-side)
ok 281 - outbox: revoked binding → suppressed channel_revoked (AC-39 send-side)
  ---
  duration_ms: 8.576333
  type: 'test'
  ...
# Subtest: outbox: withdrawn consent → suppressed at send time even if the hook raced
ok 282 - outbox: withdrawn consent → suppressed at send time even if the hook raced
  ---
  duration_ms: 9.434875
  type: 'test'
  ...
# Subtest: outbox: permanent 4xx → failed, no retry on subsequent ticks
ok 283 - outbox: permanent 4xx → failed, no retry on subsequent ticks
  ---
  duration_ms: 10.444417
  type: 'test'
  ...
# Subtest: AC-42: unknown outcomes capped at 3 attempts, then terminal, never infinite resend
ok 284 - AC-42: unknown outcomes capped at 3 attempts, then terminal, never infinite resend
  ---
  duration_ms: 25.88
  type: 'test'
  ...
# Subtest: AC-43: 429 with Retry-After pushes due_at beyond the header window
ok 285 - AC-43: 429 with Retry-After pushes due_at beyond the header window
  ---
  duration_ms: 7.1715
  type: 'test'
  ...
# Subtest: outbox: expired lease re-queues the job with attempt++
ok 286 - outbox: expired lease re-queues the job with attempt++
  ---
  duration_ms: 9.571667
  type: 'test'
  ...
# Subtest: applyOutcome: refuses to finalize a job that is no longer leased
ok 287 - applyOutcome: refuses to finalize a job that is no longer leased
  ---
  duration_ms: 3.284083
  type: 'test'
  ...
# Subtest: profile CRUD with optimistic concurrency and 409 on stale revision
ok 288 - profile CRUD with optimistic concurrency and 409 on stale revision
  ---
  duration_ms: 103.107083
  type: 'test'
  ...
# Subtest: profile routes require a session
ok 289 - profile routes require a session
  ---
  duration_ms: 0.69775
  type: 'test'
  ...
# Subtest: contacts: encrypted at rest (DB holds no plaintext), whitelist enforced, values decrypt for owner
ok 290 - contacts: encrypted at rest (DB holds no plaintext), whitelist enforced, values decrypt for owner
  ---
  duration_ms: 52.273041
  type: 'test'
  ...
# Subtest: public API returns ONLY the public projection (disabled contact and private data absent)
ok 291 - public API returns ONLY the public projection (disabled contact and private data absent)
  ---
  duration_ms: 22.063459
  type: 'test'
  ...
# Subtest: public API: unknown slug → 404 not_found
ok 292 - public API: unknown slug → 404 not_found
  ---
  duration_ms: 3.653917
  type: 'test'
  ...
# Subtest: public page renders public data, hides disabled contacts, escapes user text
ok 293 - public page renders public data, hides disabled contacts, escapes user text
  ---
  duration_ms: 28.2985
  type: 'test'
  ...
# Subtest: vCard: text/vcard 3.0 with only public fields and CRLF endings
ok 294 - vCard: text/vcard 3.0 with only public fields and CRLF endings
  ---
  duration_ms: 21.288792
  type: 'test'
  ...
# Subtest: QR: renders SVG of the absolute public URL
ok 295 - QR: renders SVG of the absolute public URL
  ---
  duration_ms: 26.936333
  type: 'test'
  ...
# Subtest: providers: anonymous GET returns every registry row in table order, no session needed
ok 296 - providers: anonymous GET returns every registry row in table order, no session needed
  ---
  duration_ms: 2.497042
  type: 'test'
  ...
# Subtest: providers: payload is allowlisted — exactly the documented fields
ok 297 - providers: payload is allowlisted — exactly the documented fields
  ---
  duration_ms: 0.521292
  type: 'test'
  ...
# Subtest: providers: the payload carries env NAMES and never their values
ok 298 - providers: the payload carries env NAMES and never their values
  ---
  duration_ms: 0.328459
  type: 'test'
  ...
# Subtest: providers: an instance without the telegram/email keys reports disabled + the missing name
ok 299 - providers: an instance without the telegram/email keys reports disabled + the missing name
  ---
  duration_ms: 0.35075
  type: 'test'
  ...
# Subtest: providers: documented shape of the two live channels and the disabled rows
ok 300 - providers: documented shape of the two live channels and the disabled rows
  ---
  duration_ms: 1.195709
  type: 'test'
  ...
# Subtest: v4: the four modes answer four different questions about the same event
ok 301 - v4: the four modes answer four different questions about the same event
  ---
  duration_ms: 233.883833
  type: 'test'
  ...
# Subtest: v4: an unknown mode is a 400, not a silent fallback
ok 302 - v4: an unknown mode is a 400, not a silent fallback
  ---
  duration_ms: 80.923875
  type: 'test'
  ...
# Subtest: v4: the two lines are structural codes with the facts the sentence needs
ok 303 - v4: the two lines are structural codes with the facts the sentence needs
  ---
  duration_ms: 67.473166
  type: 'test'
  ...
# Subtest: v4: excluded_reason explains an empty list instead of leaving a blank strip
ok 304 - v4: excluded_reason explains an empty list instead of leaving a blank strip
  ---
  duration_ms: 44.961625
  type: 'test'
  ...
# Subtest: v4: every recommendation mode is reachable and stays inside the item allowlist
ok 305 - v4: every recommendation mode is reachable and stays inside the item allowlist
  ---
  duration_ms: 62.617208
  type: 'test'
  ...
# Subtest: v4: the viewer's own goals change the ranking; other people's goals are never read
ok 306 - v4: the viewer's own goals change the ranking; other people's goals are never read
  ---
  duration_ms: 67.07975
  type: 'test'
  ...
# Subtest: recommendations: empty list is a normal outcome (200, no error)
ok 307 - recommendations: empty list is a normal outcome (200, no error)
  ---
  duration_ms: 149.462292
  type: 'test'
  ...
# Subtest: recommendations: 401 anonymous; 403 non-member
ok 308 - recommendations: 401 anonymous; 403 non-member
  ---
  duration_ms: 30.953917
  type: 'test'
  ...
# Subtest: recommendations: complementary pair returned with fact-based reasons only
ok 309 - recommendations: complementary pair returned with fact-based reasons only
  ---
  duration_ms: 51.258542
  type: 'test'
  ...
# Subtest: recommendations: not-visible / non-opted-in / non-member candidates are excluded
ok 310 - recommendations: not-visible / non-opted-in / non-member candidates are excluded
  ---
  duration_ms: 68.271458
  type: 'test'
  ...
# Subtest: recommendations: blocks suppress candidates; matching_enabled=false excludes
ok 311 - recommendations: blocks suppress candidates; matching_enabled=false excludes
  ---
  duration_ms: 55.499167
  type: 'test'
  ...
# Subtest: recommendations: viewer with matching_enabled=false gets an empty list
ok 312 - recommendations: viewer with matching_enabled=false gets an empty list
  ---
  duration_ms: 39.105875
  type: 'test'
  ...
# Subtest: recommendations: pending intro excludes the pair; declined excluded within cooldown, allowed after
ok 313 - recommendations: pending intro excludes the pair; declined excluded within cooldown, allowed after
  ---
  duration_ms: 50.3205
  type: 'test'
  ...
# Subtest: recommendations: tie-break is stable by profile id (score and pending equal)
ok 314 - recommendations: tie-break is stable by profile id (score and pending equal)
  ---
  duration_ms: 41.860458
  type: 'test'
  ...
# Subtest: recommendations: per-event tag override is used for matching
ok 315 - recommendations: per-event tag override is used for matching
  ---
  duration_ms: 40.87725
  type: 'test'
  ...
# Subtest: CSRF: cross-origin mutating POST with evil Origin → 403 csrf_origin
ok 316 - CSRF: cross-origin mutating POST with evil Origin → 403 csrf_origin
  ---
  duration_ms: 4.319292
  type: 'test'
  ...
# Subtest: CSRF: cross-site marker without Origin → 403
ok 317 - CSRF: cross-site marker without Origin → 403
  ---
  duration_ms: 0.594083
  type: 'test'
  ...
# Subtest: CSRF: Origin "null" (sandboxed frame) → 403
ok 318 - CSRF: Origin "null" (sandboxed frame) → 403
  ---
  duration_ms: 0.499292
  type: 'test'
  ...
# Subtest: CSRF: same-origin Origin passes (guard is not triggered)
ok 319 - CSRF: same-origin Origin passes (guard is not triggered)
  ---
  duration_ms: 2.44775
  type: 'test'
  ...
# Subtest: CSRF: X-Forwarded-Host proxy setup — matching Origin passes
ok 320 - CSRF: X-Forwarded-Host proxy setup — matching Origin passes
  ---
  duration_ms: 1.167
  type: 'test'
  ...
# Subtest: CSRF: no Origin at all (curl / server-to-server style) passes
ok 321 - CSRF: no Origin at all (curl / server-to-server style) passes
  ---
  duration_ms: 0.518833
  type: 'test'
  ...
# Subtest: CSRF: GET requests are never origin-guarded
ok 322 - CSRF: GET requests are never origin-guarded
  ---
  duration_ms: 40.975583
  type: 'test'
  ...
# Subtest: rate limit: 11 OTP requests from one IP within the window → last is 429
ok 323 - rate limit: 11 OTP requests from one IP within the window → last is 429
  ---
  duration_ms: 50.782667
  type: 'test'
  ...
# Subtest: rate limit: another IP is not affected by the exhausted bucket
ok 324 - rate limit: another IP is not affected by the exhausted bucket
  ---
  duration_ms: 2.977167
  type: 'test'
  ...
# Subtest: rate limit: success responses carry X-RateLimit headers on governed routes
ok 325 - rate limit: success responses carry X-RateLimit headers on governed routes
  ---
  duration_ms: 7.065917
  type: 'test'
  ...
# Subtest: F-08: authed GETs return cache-control: no-store, private
ok 326 - F-08: authed GETs return cache-control: no-store, private
  ---
  duration_ms: 14.443958
  type: 'test'
  ...
# Subtest: sessions: the list marks the current session and carries no token material
ok 327 - sessions: the list marks the current session and carries no token material
  ---
  duration_ms: 70.818916
  type: 'test'
  ...
# Subtest: sessions: the current session comes first, then most recently seen
ok 328 - sessions: the current session comes first, then most recently seen
  ---
  duration_ms: 31.824792
  type: 'test'
  ...
# Subtest: sessions: an expired session is not listed
ok 329 - sessions: an expired session is not listed
  ---
  duration_ms: 30.401459
  type: 'test'
  ...
# Subtest: sessions: revoking another session deletes the row and kills its cookie
ok 330 - sessions: revoking another session deletes the row and kills its cookie
  ---
  duration_ms: 18.810542
  type: 'test'
  ...
# Subtest: sessions: revoking the current session is allowed and ends it
ok 331 - sessions: revoking the current session is allowed and ends it
  ---
  duration_ms: 9.21825
  type: 'test'
  ...
# Subtest: sessions: another account's session answers 404, never 403
ok 332 - sessions: another account's session answers 404, never 403
  ---
  duration_ms: 17.460542
  type: 'test'
  ...
# Subtest: sessions: a malformed id is a 404, not a crash
ok 333 - sessions: a malformed id is a 404, not a crash
  ---
  duration_ms: 6.070333
  type: 'test'
  ...
# Subtest: sessions: sign out everywhere revokes every session of the account
ok 334 - sessions: sign out everywhere revokes every session of the account
  ---
  duration_ms: 16.660459
  type: 'test'
  ...
# Subtest: sessions: anonymous callers cannot read or revoke
ok 335 - sessions: anonymous callers cannot read or revoke
  ---
  duration_ms: 0.713
  type: 'test'
  ...
# Subtest: sessions: last_seen_at is refreshed by an authenticated request
ok 336 - sessions: last_seen_at is refreshed by an authenticated request
  ---
  duration_ms: 8.739
  type: 'test'
  ...
# Subtest: sessions: the throttled bump does not write on every request
ok 337 - sessions: the throttled bump does not write on every request
  ---
  duration_ms: 8.265208
  type: 'test'
  ...
# no pending migrations
# Subtest: migration 007: v3 columns, GIN indexes and the enrichment ledger exist; re-running is a no-op
ok 338 - migration 007: v3 columns, GIN indexes and the enrichment ledger exist; re-running is a no-op
  ---
  duration_ms: 98.500375
  type: 'test'
  ...
# Subtest: GET /api/taxonomy: public, cacheable, full catalogue with RU+EN labels
ok 339 - GET /api/taxonomy: public, cacheable, full catalogue with RU+EN labels
  ---
  duration_ms: 3.198834
  type: 'test'
  ...
# Subtest: profile: v3 axes round-trip, catalogue validation, revision semantics unchanged
ok 340 - profile: v3 axes round-trip, catalogue validation, revision semantics unchanged
  ---
  duration_ms: 61.79125
  type: 'test'
  ...
# Subtest: directory: intent / interest modes and facet filters narrow the visible members
ok 341 - directory: intent / interest modes and facet filters narrow the visible members
  ---
  duration_ms: 130.9725
  type: 'test'
  ...
# Subtest: directory: profile-level intents surface when the membership has no override, and keywords never leak
ok 342 - directory: profile-level intents surface when the membership has no override, and keywords never leak
  ---
  duration_ms: 51.222958
  type: 'test'
  ...
# Subtest: recommendations: v3 intent match comes with a localized reason, legacy tag matches follow
ok 343 - recommendations: v3 intent match comes with a localized reason, legacy tag matches follow
  ---
  duration_ms: 72.080458
  type: 'test'
  ...
# Subtest: recommendations: the payload is locale-neutral (codes, not sentences)
ok 344 - recommendations: the payload is locale-neutral (codes, not sentences)
  ---
  duration_ms: 46.057792
  type: 'test'
  ...
# Subtest: recommendations: membership overrides win over profile values for the v3 axes
ok 345 - recommendations: membership overrides win over profile values for the v3 axes
  ---
  duration_ms: 40.441042
  type: 'test'
  ...
# Subtest: after(): webhook 200 → deferred tick drives the update to a terminal state and sends its reply, no external tick
ok 346 - after(): webhook 200 → deferred tick drives the update to a terminal state and sends its reply, no external tick
  ---
  duration_ms: 94.162583
  type: 'test'
  ...
# Subtest: after(): replayed update_id → 200, no deferred tick, no double action
ok 347 - after(): replayed update_id → 200, no deferred tick, no double action
  ---
  duration_ms: 30.606167
  type: 'test'
  ...
# [webhook/telegram] after() unavailable (no request scope) — relying on the worker-tick backstop: `after` was called outside a request scope. Read more: https://nextjs.org/docs/messages/next-dynamic-api-wrong-context
# Subtest: after(): no request scope (after() throws) → webhook still 200 and the job stays pending for the backstop
ok 348 - after(): no request scope (after() throws) → webhook still 200 and the job stays pending for the backstop
  ---
  duration_ms: 6.333292
  type: 'test'
  ...
# [webhook/telegram] after() unavailable (no request scope) — relying on the worker-tick backstop: `after` was called outside a request scope. Read more: https://nextjs.org/docs/messages/next-dynamic-api-wrong-context
# [worker] job 8cadc3f1-cb33-4afc-94d2-291e5a47b7ad (telegram_reply) failed: Error: socket hang up
#     at Object.send (/Users/nikiti4/.openclaw-autoclaw/workspace/welcome/tests/integration/telegram-webhook-after.test.ts:236:13)
#     at sendTelegram (/Users/nikiti4/.openclaw-autoclaw/workspace/welcome/src/infra/worker.ts:277:34)
#     at processOutbound (/Users/nikiti4/.openclaw-autoclaw/workspace/welcome/src/infra/worker.ts:194:18)
#     at processJob (/Users/nikiti4/.openclaw-autoclaw/workspace/welcome/src/infra/worker.ts:165:18)
#     at tickOnce (/Users/nikiti4/.openclaw-autoclaw/workspace/welcome/src/infra/worker.ts:136:27)
#     at process.processTicksAndRejections (node:internal/process/task_queues:103:5)
#     at async runPostResponseTick (/Users/nikiti4/.openclaw-autoclaw/workspace/welcome/src/infra/post-response-tick.ts:41:22)
#     at async TestContext.<anonymous> (/Users/nikiti4/.openclaw-autoclaw/workspace/welcome/tests/integration/telegram-webhook-after.test.ts:241:3)
#     at async Test.run (node:internal/test_runner/test:1054:7)
#     at async Test.processPendingSubtests (node:internal/test_runner/test:744:7)
# Subtest: after(): a transport error inside the drain is contained — the tick never throws and the job is requeued, not lost
ok 349 - after(): a transport error inside the drain is contained — the tick never throws and the job is requeued, not lost
  ---
  duration_ms: 24.783709
  type: 'test'
  ...
# Subtest: AC-36: webhook with wrong secret → 401, zero rows written
ok 350 - AC-36: webhook with wrong secret → 401, zero rows written
  ---
  duration_ms: 34.906958
  type: 'test'
  ...
# Subtest: AC-36: missing secret header → 401 (fail closed, nothing processed)
ok 351 - AC-36: missing secret header → 401 (fail closed, nothing processed)
  ---
  duration_ms: 1.027417
  type: 'test'
  ...
# [webhook/telegram] after() unavailable (no request scope) — relying on the worker-tick backstop: `after` was called outside a request scope. Read more: https://nextjs.org/docs/messages/next-dynamic-api-wrong-context
# Subtest: AC-37: duplicate update → 200 both times, ONE inbox row, ONE outbox job
ok 352 - AC-37: duplicate update → 200 both times, ONE inbox row, ONE outbox job
  ---
  duration_ms: 13.854666
  type: 'test'
  ...
# Subtest: webhook: malformed update after valid secret → 400, no row
ok 353 - webhook: malformed update after valid secret → 400, no row
  ---
  duration_ms: 4.630583
  type: 'test'
  ...
# Subtest: binding: unauthenticated challenge/confirm → 401
ok 354 - binding: unauthenticated challenge/confirm → 401
  ---
  duration_ms: 1.095584
  type: 'test'
  ...
# Subtest: binding: challenge deep link points at the bot username with start=link_
ok 355 - binding: challenge deep link points at the bot username with start=link_
  ---
  duration_ms: 53.080125
  type: 'test'
  ...
# [webhook/telegram] after() unavailable (no request scope) — relying on the worker-tick backstop: `after` was called outside a request scope. Read more: https://nextjs.org/docs/messages/next-dynamic-api-wrong-context
# Subtest: AC-11: /start with valid token but NO web confirm → binding NOT created
ok 356 - AC-11: /start with valid token but NO web confirm → binding NOT created
  ---
  duration_ms: 68.278375
  type: 'test'
  ...
# [webhook/telegram] after() unavailable (no request scope) — relying on the worker-tick backstop: `after` was called outside a request scope. Read more: https://nextjs.org/docs/messages/next-dynamic-api-wrong-context
# Subtest: AC-11 positive: confirm (web) + /start (telegram) → binding active, zero consent rows
ok 357 - AC-11 positive: confirm (web) + /start (telegram) → binding active, zero consent rows
  ---
  duration_ms: 26.970291
  type: 'test'
  ...
# [webhook/telegram] after() unavailable (no request scope) — relying on the worker-tick backstop: `after` was called outside a request scope. Read more: https://nextjs.org/docs/messages/next-dynamic-api-wrong-context
# Subtest: AC-11 negative: another web session cannot confirm a stolen challenge (404, session-bound)
ok 358 - AC-11 negative: another web session cannot confirm a stolen challenge (404, session-bound)
  ---
  duration_ms: 38.101791
  type: 'test'
  ...
# [webhook/telegram] after() unavailable (no request scope) — relying on the worker-tick backstop: `after` was called outside a request scope. Read more: https://nextjs.org/docs/messages/next-dynamic-api-wrong-context
# [webhook/telegram] after() unavailable (no request scope) — relying on the worker-tick backstop: `after` was called outside a request scope. Read more: https://nextjs.org/docs/messages/next-dynamic-api-wrong-context
# Subtest: /start: no token and bad token → instructions reply, no binding, NO consent rows
ok 359 - /start: no token and bad token → instructions reply, no binding, NO consent rows
  ---
  duration_ms: 20.037917
  type: 'test'
  ...
# [webhook/telegram] after() unavailable (no request scope) — relying on the worker-tick backstop: `after` was called outside a request scope. Read more: https://nextjs.org/docs/messages/next-dynamic-api-wrong-context
# Subtest: /start: non-command text from an unknown chat → ignored, no dialog with strangers
ok 360 - /start: non-command text from an unknown chat → ignored, no dialog with strangers
  ---
  duration_ms: 7.070834
  type: 'test'
  ...
# [webhook/telegram] after() unavailable (no request scope) — relying on the worker-tick backstop: `after` was called outside a request scope. Read more: https://nextjs.org/docs/messages/next-dynamic-api-wrong-context
# [webhook/telegram] after() unavailable (no request scope) — relying on the worker-tick backstop: `after` was called outside a request scope. Read more: https://nextjs.org/docs/messages/next-dynamic-api-wrong-context
# [webhook/telegram] after() unavailable (no request scope) — relying on the worker-tick backstop: `after` was called outside a request scope. Read more: https://nextjs.org/docs/messages/next-dynamic-api-wrong-context
# [webhook/telegram] after() unavailable (no request scope) — relying on the worker-tick backstop: `after` was called outside a request scope. Read more: https://nextjs.org/docs/messages/next-dynamic-api-wrong-context
# [webhook/telegram] after() unavailable (no request scope) — relying on the worker-tick backstop: `after` was called outside a request scope. Read more: https://nextjs.org/docs/messages/next-dynamic-api-wrong-context
# Subtest: /stop: binding revoked, queued sends suppressed (AC-39); command replies answered
ok 361 - /stop: binding revoked, queued sends suppressed (AC-39); command replies answered
  ---
  duration_ms: 42.076833
  type: 'test'
  ...
# [webhook/telegram] after() unavailable (no request scope) — relying on the worker-tick backstop: `after` was called outside a request scope. Read more: https://nextjs.org/docs/messages/next-dynamic-api-wrong-context
# Subtest: /stop itself never writes consent rows
ok 362 - /stop itself never writes consent rows
  ---
  duration_ms: 9.771709
  type: 'test'
  ...
# [webhook/telegram] after() unavailable (no request scope) — relying on the worker-tick backstop: `after` was called outside a request scope. Read more: https://nextjs.org/docs/messages/next-dynamic-api-wrong-context
# [webhook/telegram] after() unavailable (no request scope) — relying on the worker-tick backstop: `after` was called outside a request scope. Read more: https://nextjs.org/docs/messages/next-dynamic-api-wrong-context
# Subtest: replayed /start update cannot double-bind or double-consume
ok 363 - replayed /start update cannot double-bind or double-consume
  ---
  duration_ms: 20.463667
  type: 'test'
  ...
# [webhook/telegram] after() unavailable (no request scope) — relying on the worker-tick backstop: `after` was called outside a request scope. Read more: https://nextjs.org/docs/messages/next-dynamic-api-wrong-context
# Subtest: replay hardening: same update_id replays once (accepted:false) — UNIQUE dedupe
ok 364 - replay hardening: same update_id replays once (accepted:false) — UNIQUE dedupe
  ---
  duration_ms: 3.025167
  type: 'test'
  ...
# [webhook/telegram] after() unavailable (no request scope) — relying on the worker-tick backstop: `after` was called outside a request scope. Read more: https://nextjs.org/docs/messages/next-dynamic-api-wrong-context
# [webhook/telegram] after() unavailable (no request scope) — relying on the worker-tick backstop: `after` was called outside a request scope. Read more: https://nextjs.org/docs/messages/next-dynamic-api-wrong-context
# Subtest: replay hardening: DIFFERENT update_id with identical payload still processes (no false dedupe)
ok 365 - replay hardening: DIFFERENT update_id with identical payload still processes (no false dedupe)
  ---
  duration_ms: 5.084292
  type: 'test'
  ...
# Subtest: replay hardening: stale update (older than the window) → 400 stale_update, nothing stored
ok 366 - replay hardening: stale update (older than the window) → 400 stale_update, nothing stored
  ---
  duration_ms: 0.75025
  type: 'test'
  ...
# [webhook/telegram] after() unavailable (no request scope) — relying on the worker-tick backstop: `after` was called outside a request scope. Read more: https://nextjs.org/docs/messages/next-dynamic-api-wrong-context
# Subtest: replay hardening: fresh update with valid date is accepted
ok 367 - replay hardening: fresh update with valid date is accepted
  ---
  duration_ms: 2.071083
  type: 'test'
  ...
# [webhook/telegram] after() unavailable (no request scope) — relying on the worker-tick backstop: `after` was called outside a request scope. Read more: https://nextjs.org/docs/messages/next-dynamic-api-wrong-context
# Subtest: regression: stranger update processed → delivered, never re-claimed after lease expiry
ok 368 - regression: stranger update processed → delivered, never re-claimed after lease expiry
  ---
  duration_ms: 15.864625
  type: 'test'
  ...
# [webhook/telegram] after() unavailable (no request scope) — relying on the worker-tick backstop: `after` was called outside a request scope. Read more: https://nextjs.org/docs/messages/next-dynamic-api-wrong-context
# Subtest: regression: /start without token processed once — one instructions reply across lease expiry
ok 369 - regression: /start without token processed once — one instructions reply across lease expiry
  ---
  duration_ms: 6.87075
  type: 'test'
  ...
# Subtest: worker-tick: missing secret → 401 (fail-closed)
ok 370 - worker-tick: missing secret → 401 (fail-closed)
  ---
  duration_ms: 3.246417
  type: 'test'
  ...
# Subtest: worker-tick: wrong secret on both carriers → 401 (header, Bearer)
ok 371 - worker-tick: wrong secret on both carriers → 401 (header, Bearer)
  ---
  duration_ms: 0.928666
  type: 'test'
  ...
# Subtest: worker-tick: fail-closed — production with unset secret → 401
ok 372 - worker-tick: fail-closed — production with unset secret → 401
  ---
  duration_ms: 0.955542
  type: 'test'
  ...
# Subtest: worker-tick: correct secret via header → 200, queued job transitions to sent
ok 373 - worker-tick: correct secret via header → 200, queued job transitions to sent
  ---
  duration_ms: 59.113334
  type: 'test'
  ...
# Subtest: worker-tick: correct secret via Authorization Bearer (Vercel cron style) → 200
ok 374 - worker-tick: correct secret via Authorization Bearer (Vercel cron style) → 200
  ---
  duration_ms: 5.417917
  type: 'test'
  ...
# Subtest: worker-tick: ?secret= query carrier was REMOVED (F-09) → 401 even with the correct secret
ok 375 - worker-tick: ?secret= query carrier was REMOVED (F-09) → 401 even with the correct secret
  ---
  duration_ms: 0.577041
  type: 'test'
  ...
# Subtest: worker-tick: development with unset secret → 200 (documented local allowance)
ok 376 - worker-tick: development with unset secret → 200 (documented local allowance)
  ---
  duration_ms: 4.4945
  type: 'test'
  ...
# Subtest: stored XSS: public JSON API returns payloads as plain data strings
ok 377 - stored XSS: public JSON API returns payloads as plain data strings
  ---
  duration_ms: 80.058333
  type: 'test'
  ...
# Subtest: stored XSS: public card HTML contains user data escaped, never executable
ok 378 - stored XSS: public card HTML contains user data escaped, never executable
  ---
  duration_ms: 23.105417
  type: 'test'
  ...
# Subtest: vCard injection: display_name CRLF property injection is neutralized (\\n escape)
ok 379 - vCard injection: display_name CRLF property injection is neutralized (\\n escape)
  ---
  duration_ms: 17.224333
  type: 'test'
  ...
1..379
# tests 379
# suites 0
# pass 378
# fail 0
# cancelled 0
# skipped 1
# todo 0
# duration_ms 24069.128042
applied 001 001_init.sql
applied 002 002_phase2_events_matching.sql
applied 003 003_link_challenges_claim.sql
applied 004 004_outbox_campaigns.sql
applied 005 005_security_hardening.sql
applied 006 006_mfa_step_up.sql
applied 007 007_taxonomy_v3.sql
applied 008 008_profile_card_fields.sql
applied 009 009_introduction_consent_source.sql
applied 010 010_session_last_seen.sql
applied 011 011_profile_goals.sql
applied 012 012_followup_reminders_digest.sql
applied 013 013_oauth_grants.sql
applied 014 014_account_locale.sql


== pnpm test:e2e exit=0 duration=104s ==

> welcome-p0@0.1.0 test:e2e /Users/nikiti4/.openclaw-autoclaw/workspace/welcome
> playwright test

{
  severity_local: 'NOTICE',
  severity: 'NOTICE',
  code: '00000',
  message: 'drop cascades to 37 other objects',
  detail: 'drop cascades to table schema_migrations\n' +
    'drop cascades to extension pgcrypto\n' +
    'drop cascades to table accounts\n' +
    'drop cascades to table profiles\n' +
    'drop cascades to table contact_fields\n' +
    'drop cascades to table organizers\n' +
    'drop cascades to table organizer_members\n' +
    'drop cascades to table events\n' +
    'drop cascades to table registrations\n' +
    'drop cascades to table event_memberships\n' +
    'drop cascades to table channel_bindings\n' +
    'drop cascades to table link_challenges\n' +
    'drop cascades to table consent_events\n' +
    'drop cascades to table introductions\n' +
    'drop cascades to table introduction_consents\n' +
    'drop cascades to table connection_notes\n' +
    'drop cascades to table campaigns\n' +
    'drop cascades to table inbox_events\n' +
    'drop cascades to table outbox_jobs\n' +
    'drop cascades to table delivery_attempts\n' +
    'drop cascades to table audit_events\n' +
    'drop cascades to table sessions\n' +
    'drop cascades to table auth_otp_codes\n' +
    'drop cascades to table worker_heartbeat\n' +
    'drop cascades to table blocks\n' +
    'drop cascades to table reports\n' +
    'drop cascades to table campaign_audience\n' +
    'drop cascades to table join_attempts\n' +
    'drop cascades to table otp_verify_failures\n' +
    'drop cascades to table mfa_credentials\n' +
    'drop cascades to table mfa_recovery_codes\n' +
    'drop cascades to table mfa_verify_failures\n' +
    'drop cascades to table enrichment_requests\n' +
    'drop cascades to table followup_preferences\n' +
    'drop cascades to table digest_sends\n' +
    'drop cascades to table oauth_grants\n' +
    'drop cascades to table oauth_flow_states',
  file: 'dependency.c',
  line: '1227',
  routine: 'reportDependentObjects'
}

Running 42 tests using 1 worker

[a11y] /: 0 violation type(s) in total
[a11y] /login: 0 violation type(s) in total
[a11y] /legal/privacy: 0 violation type(s) in total
[a11y] /p/0lay377bH75ZWV7ADDjJ8A: 0 violation type(s) in total
[a11y] /me/security: 0 violation type(s) in total
[a11y] /me/connections: 0 violation type(s) in total
  ✓   1 tests/e2e/a11y.spec.ts:74:5 › a11y: no serious or critical violations on the gated pages (6.2s)
  ✓   2 tests/e2e/badges.spec.ts:41:5 › badges: the sheet renders inline QRs and swaps to claim links on demand (2.6s)
  ✓   3 tests/e2e/cabinet-locale.spec.ts:81:5 › cabinet locale: a SECOND cookie-less device follows the account, not the cookie (1.8s)
  ✓   4 tests/e2e/cabinet-locale.spec.ts:122:5 › cabinet locale: a shared ?lang= link changes the device and the page, never the cabinet (1.8s)
  ✓   5 tests/e2e/cabinet-locale.spec.ts:153:5 › cabinet locale: an invalid ?lang= never moves anything for a signed-in user (1.5s)
  ✓   6 tests/e2e/connections.spec.ts:41:5 › connections: reachable from the profile nav, statuses and reasons render, setup expands (1.4s)
  ✓   7 tests/e2e/connections.spec.ts:88:5 › connections: signed-out visitors are sent to the sign-in page (457ms)
  ✓   8 tests/e2e/connections.spec.ts:105:5 › connections: the Google cards are live, honest about being unconnected, and explain read vs write (1.4s)
  ✓   9 tests/e2e/connections.spec.ts:188:5 › connections: the connect control is inert without a session — no Google flow is started (403ms)
  ✓  10 tests/e2e/contact-import.spec.ts:49:5 › contacts import: a known address answers "already here" and links to the card (1.9s)
  ✓  11 tests/e2e/contact-import.spec.ts:104:5 › contacts import: a file with no addresses is refused in the user's own words (1.4s)
  ✓  12 tests/e2e/demo-login.spec.ts:23:5 › demo login enabled: the link appears and prefills the seeded demo account (496ms)
  ✓  13 tests/e2e/demo-login.spec.ts:48:5 › demo login disabled: no demo affordance is rendered (495ms)
  ✓  14 tests/e2e/followup.spec.ts:49:5 › follow-up: the switch round-trips and the flag-off mechanic has no switch (1.4s)
  ✓  15 tests/e2e/followup.spec.ts:120:5 › follow-up: the switch does not exist before service_channel is allowed (976ms)
  ✓  16 tests/e2e/goals.spec.ts:30:5 › goals: pick up to three in priority order, saved and restored, never on the card (2.0s)
  ✓  17 tests/e2e/interop.spec.ts:54:5 › interop: event page offers the .ics file and the Google template link (3.0s)
  ✓  18 tests/e2e/interop.spec.ts:136:5 › interop: public card offers vCard, an og:url and share deeplinks (2.2s)
  ✓  19 tests/e2e/landing.spec.ts:46:5 › landing (EN): all sections, heading order, honest CTAs and status (814ms)
  ✓  20 tests/e2e/landing.spec.ts:112:5 › landing (RU): translated sections, same anchors and no English fallback (636ms)
  ✓  21 tests/e2e/landing.spec.ts:141:5 › landing: no horizontal overflow at 360px in EN and RU (1.5s)
  ✓  22 tests/e2e/landing.spec.ts:156:5 › landing: evidence screenshots (desktop 1280 + mobile 360, EN and RU) (2.6s)
  ✓  23 tests/e2e/legacy-host-redirect.spec.ts:36:5 › legacy hosts: page navigation is sent to the canonical domain, 308 (17ms)
  ✓  24 tests/e2e/legacy-host-redirect.spec.ts:54:5 › legacy hosts: /api/* keeps answering there instead of redirecting (94ms)
  ✓  25 tests/e2e/legacy-host-redirect.spec.ts:65:5 › the canonical domain and other *.vercel.app hosts are never redirected (974ms)
  ✓  26 tests/e2e/matching-modes.spec.ts:109:5 › matching v4: the four modes show different people, each with two lines of reasons (3.2s)
  ✓  27 tests/e2e/og-image.spec.ts:75:5 › og: the marketing landing declares a full share card anyone can fetch (860ms)
  ✓  28 tests/e2e/og-image.spec.ts:122:5 › og: the landing preview follows the locale the page resolved (1.2s)
  ✓  29 tests/e2e/og-image.spec.ts:153:5 › og: the public card ships a share image anyone can fetch (1.4s)
  ✓  30 tests/e2e/og-image.spec.ts:183:5 › og: the event page carries a title, a canonical url and its own share image (2.0s)
  ✓  31 tests/e2e/og-image.spec.ts:231:5 › og: an unknown slug 404s instead of leaking that something exists (306ms)
  ✓  32 tests/e2e/onboarding-landing.spec.ts:41:5 › onboarding (3 questions) → mini-landing is public, localized and free of private data (4.6s)
  ✓  33 tests/e2e/onboarding-landing.spec.ts:159:5 › the onboarding draft survives a reload and /me/profile edits the axes (2.5s)
  ✓  34 tests/e2e/organizer-campaign-segment.spec.ts:34:5 › campaign segment: picker renders, selection is saved and the preview sizes it (4.1s)
  ✓  35 tests/e2e/organizer-funnel.spec.ts:35:5 › organizer funnel: shows counted steps, conversion shares and the daily chart (3.5s)
  ✓  36 tests/e2e/organizer-import-mapping.spec.ts:40:5 › organizer import: mapping a column by hand recalculates the counters (2.0s)
  ✓  37 tests/e2e/organizer-import-mapping.spec.ts:99:5 › organizer import: a duplicate mapping is refused with a readable error (1.2s)
  ✓  38 tests/e2e/privacy-consents.spec.ts:58:5 › privacy: the consents page renders for a signed-in user (regression: client-boundary 500) (1.3s)
  ✓  39 tests/e2e/sessions.spec.ts:33:5 › sessions: the device list shows both sessions and revoking one ends it (2.4s)
  ✓  40 tests/e2e/smoke.spec.ts:68:7 › WELCOME P0 smoke › landing, OTP login, profile, public card, event directory, mutual intro reveal (19.5s)
  ✓  41 tests/e2e/smoke.spec.ts:198:7 › WELCOME P0 smoke › ?lang= switches the landing language and is remembered (R1) (1.8s)
  ✓  42 tests/e2e/smoke.spec.ts:224:7 › WELCOME P0 smoke › security headers on /, /login and legal pages (F-04, F-15) (1.1s)

  42 passed (1.7m)
applied 001 001_init.sql
applied 002 002_phase2_events_matching.sql
applied 003 003_link_challenges_claim.sql
applied 004 004_outbox_campaigns.sql
applied 005 005_security_hardening.sql
applied 006 006_mfa_step_up.sql
applied 007 007_taxonomy_v3.sql
applied 008 008_profile_card_fields.sql
applied 009 009_introduction_consent_source.sql
applied 010 010_session_last_seen.sql
applied 011 011_profile_goals.sql
applied 012 012_followup_reminders_digest.sql
applied 013 013_oauth_grants.sql
applied 014 014_account_locale.sql
[WebServer] ⨯ Error: The destination stream closed early.
[WebServer]     at ignore-listed frames {
[WebServer]   digest: '2891471267'
[WebServer] }
[WebServer] ⨯ Error: The destination stream closed early.
[WebServer]     at ignore-listed frames {
[WebServer]   digest: '2891471267'
[WebServer] }
[WebServer] ⨯ Error: The destination stream closed early.
[WebServer]     at ignore-listed frames {
[WebServer]   digest: '2891471267'
[WebServer] }
[WebServer] ⨯ Error: The destination stream closed early.
[WebServer]     at ignore-listed frames {
[WebServer]   digest: '2891471267'
[WebServer] }
[WebServer] ⨯ Error: The destination stream closed early.
[WebServer]     at ignore-listed frames {
[WebServer]   digest: '2891471267'
[WebServer] }
[WebServer] ⨯ Error: The destination stream closed early.
[WebServer]     at ignore-listed frames {
[WebServer]   digest: '2891471267'
[WebServer] }
[WebServer] ⨯ Error: The destination stream closed early.
[WebServer]     at ignore-listed frames {
[WebServer]   digest: '2891471267'
[WebServer] }
[WebServer] ⨯ Error: The destination stream closed early.
[WebServer]     at ignore-listed frames {
[WebServer]   digest: '2891471267'
[WebServer] }
[WebServer] ⨯ Error: The destination stream closed early.
[WebServer]     at ignore-listed frames {
[WebServer]   digest: '2891471267'
[WebServer] }
[WebServer] ⨯ Error: The destination stream closed early.
[WebServer]     at ignore-listed frames {
[WebServer]   digest: '2891471267'
[WebServer] }
[WebServer] ⨯ Error: The destination stream closed early.
[WebServer]     at ignore-listed frames {
[WebServer]   digest: '2891471267'
[WebServer] }


== pnpm build exit=0 duration=9s ==

> welcome-p0@0.1.0 build /Users/nikiti4/.openclaw-autoclaw/workspace/welcome
> next build

▲ Next.js 16.3.4 (Turbopack)
- Environments: .env.local
✓ Running next.config.ts took 65ms

  Creating an optimized production build ...
✓ Compiled successfully in 1164ms
  Running TypeScript ...
  Finished TypeScript in 4.3s ...
  Collecting page data using 9 workers ...
  Generating static pages using 9 workers (0/37) ...
  Generating static pages using 9 workers (9/37) 
  Generating static pages using 9 workers (18/37) 
  Generating static pages using 9 workers (27/37) 
✓ Generating static pages using 9 workers (37/37) in 203ms
  Finalizing page optimization ...

Route (app)
┌ ƒ /
├ ƒ /_not-found
├ ƒ /api/auth/demo-login-info
├ ƒ /api/auth/logout
├ ƒ /api/auth/mfa/verify
├ ƒ /api/auth/otp/request
├ ƒ /api/auth/otp/verify
├ ƒ /api/blocks
├ ƒ /api/blocks/[targetAccountId]
├ ƒ /api/channels/telegram
├ ƒ /api/channels/telegram/challenge
├ ƒ /api/channels/telegram/confirm
├ ƒ /api/consents
├ ƒ /api/consents/revoke
├ ƒ /api/events/[eventIdOrSlug]
├ ƒ /api/events/[eventIdOrSlug]/directory
├ ƒ /api/events/[eventIdOrSlug]/ics
├ ƒ /api/events/[eventIdOrSlug]/imports
├ ƒ /api/events/[eventIdOrSlug]/join
├ ƒ /api/events/[eventIdOrSlug]/recommendations
├ ƒ /api/health
├ ƒ /api/internal/worker-tick
├ ƒ /api/introductions
├ ƒ /api/introductions/[id]
├ ƒ /api/introductions/[id]/respond
├ ƒ /api/locale
├ ƒ /api/me
├ ƒ /api/me/calendar/google
├ ƒ /api/me/contacts
├ ƒ /api/me/contacts/google
├ ƒ /api/me/contacts/import
├ ƒ /api/me/enrich
├ ƒ /api/me/export
├ ƒ /api/me/followup
├ ƒ /api/me/followup/unsubscribe
├ ƒ /api/me/memberships/[membershipId]
├ ƒ /api/me/memberships/[membershipId]/attendance
├ ƒ /api/me/mfa
├ ƒ /api/me/mfa/totp
├ ƒ /api/me/mfa/totp/confirm
├ ƒ /api/me/notes
├ ƒ /api/me/notes/[otherProfileId]
├ ƒ /api/me/oauth/google
├ ƒ /api/me/profile
├ ƒ /api/me/sessions
├ ƒ /api/me/sessions/[id]
├ ƒ /api/oauth/google/callback
├ ƒ /api/oauth/google/start
├ ƒ /api/organizer/campaigns
├ ƒ /api/organizer/campaigns/[id]
├ ƒ /api/organizer/campaigns/[id]/approve
├ ƒ /api/organizer/campaigns/[id]/audience
├ ƒ /api/organizer/campaigns/[id]/send
├ ƒ /api/organizer/campaigns/[id]/stats
├ ƒ /api/organizer/events
├ ƒ /api/organizer/events/[eventId]/analytics
├ ƒ /api/organizer/events/[eventId]/badge-links
├ ƒ /api/organizer/events/[eventId]/export
├ ƒ /api/organizer/events/[eventId]/registrations/[registrationId]/invite
├ ƒ /api/organizer/events/[eventId]/settings
├ ƒ /api/providers
├ ƒ /api/public/profiles/[slug]
├ ƒ /api/public/profiles/[slug]/qr.svg
├ ƒ /api/public/profiles/[slug]/vcard
├ ƒ /api/registration-claims
├ ƒ /api/reports
├ ○ /api/taxonomy
├ ƒ /api/webhooks/telegram
├ ƒ /claim/[token]
├ ƒ /e/[slug]
├ ƒ /e/[slug]/opengraph-image
├ ƒ /legal/privacy
├ ƒ /legal/terms
├ ƒ /login
├ ƒ /me
├ ƒ /me/connections
├ ƒ /me/contacts
├ ƒ /me/events
├ ƒ /me/events/[eventId]/directory
├ ƒ /me/introductions
├ ƒ /me/notes
├ ƒ /me/privacy
├ ƒ /me/profile
├ ƒ /me/security
├ ƒ /me/telegram
├ ƒ /onboarding
├ ƒ /opengraph-image
├ ƒ /organizer
├ ƒ /organizer/events/[eventId]
├ ƒ /organizer/events/[eventId]/badges
├ ƒ /organizer/events/[eventId]/campaigns
├ ƒ /p/[slug]
└ ƒ /p/[slug]/opengraph-image


ƒ Proxy (Middleware)

○  (Static)   prerendered as static content
ƒ  (Dynamic)  server-rendered on demand



== pnpm scan:secrets exit=1 duration=10s ==

> welcome-p0@0.1.0 scan:secrets /Users/nikiti4/.openclaw-autoclaw/workspace/welcome
> node --env-file-if-exists=.env.local scripts/scan-secrets.mjs

 ELIFECYCLE  Command failed with exit code 1.
SECRET HIT [assigned password literal] tests/integration/google-oauth.test.ts:45
SECRET HIT [assigned password literal] tests/unit/google-oauth.test.ts:293
SECRET HIT [assigned password literal] tests/unit/google-oauth.test.ts:310
scan:secrets FAILED — 3 potential secret(s) found


== summary {"gates_total":7,"gates_exit_zero":6,"unit":{"pass":578,"fail":0},"integration":{"pass":378,"fail":0,"skipped":1},"e2e":{"pass":42,"fail":0}} ==
